model,raw_model_name,sample_index,generated_summary_zh,reference_summary_zh,generated_tokens,gold_tokens,token_diff,token_ratio,source_file,source_group
Aya-Expanse,aya-expanse:8b,0,"麦克斯问派顿是否知道哪里可以买到好衣服。派顿列出了几个网站，但表示通常会从两个或三个网站购买，因为每个网站都有不同的商品。麦克斯表示会查看这些网站。

派顿坦言对购物既喜欢又不喜欢。她喜欢浏览、试穿和看镜子，但并不总是买。麦克斯好奇为什么，派顿开玩笑说如果她买了所有喜欢的东西，就没什么可生活了。

派顿通常会购买衣服和书籍。她热爱阅读，喜欢读各种各样的书。",佩顿给麦克斯提供了卖衣服的网站。他喜欢浏览、试穿衣服，但不一定都会买。他经常买衣服和书，因为他也喜欢阅读。,160,47,113,3.404255319148936,direct_all_models_100samples_seed42_results.json,direct
Gemma,gemma4:e4b,0,两人讨论了购买衣服的网站，并分享了各自的购物习惯。Max询问Payton是否喜欢购物，Payton表示喜欢逛街和试穿，但不一定每次都买东西；她透露自己最容易抗拒的两样东西是衣服和书。,佩顿给麦克斯提供了卖衣服的网站。他喜欢浏览、试穿衣服，但不一定都会买。他经常买衣服和书，因为他也喜欢阅读。,73,47,26,1.553191489361702,direct_all_models_100samples_seed42_results.json,direct
QWEN,qwen3.5:9b,0,Max 询问购买衣物的网站，Payton 推荐了多个并解释自己通常只从其中两三个选购。随后两人讨论购物习惯：Payton 喜欢浏览和试穿但未必每次都买，因为若买下所有喜欢的东西就没钱生活了；他也坦言难以抗拒衣物和书籍这两样爱好，尤其热爱阅读各类图书。,佩顿给麦克斯提供了卖衣服的网站。他喜欢浏览、试穿衣服，但不一定都会买。他经常买衣服和书，因为他也喜欢阅读。,103,47,56,2.1914893617021276,direct_all_models_100samples_seed42_results.json,direct
Aya-Expanse,aya-expanse:8b,1,奥利、凯利、米奇和杰西卡在聊天，分享他们认为最可怕或最令人印象深刻的地方。凯利提到芬兰的一个雕塑花园，那里有大量看起来有些诡异的雕塑人像。奥利则介绍了日本纳戈尔村，描述它与凯利的经历相似，但更加令人不安，因为村庄里的人比雕塑还多。讨论中充满了幽默和惊恐的元素，最终米奇表示要结束聊天，大家互道再见。,凯利很害怕芬兰雕塑花园里的人物，因为她觉得那些人物的脸非常病态。对奥利来说，这就像日本的人偶村，令人毛骨悚然。,136,50,86,2.72,direct_all_models_100samples_seed42_results.json,direct
Gemma,gemma4:e4b,1,大家分享了各自推荐的“恐怖”景点。凯莉介绍了芬兰的一个雕塑花园，虽然不是雕塑本身可怕，但因为数量多且雕像的面部表情（如拥抱、运动等）让人感到诡异，而且到处都是盯着人的脸。奥利则推荐了日本名古屋村，描述了一个与真人大小的雕像数量超过实际居民数量的村庄，气氛非常阴森恐怖。大家对这些地方都表示了惊悚感。最后，大家互相道别。,凯利很害怕芬兰雕塑花园里的人物，因为她觉得那些人物的脸非常病态。对奥利来说，这就像日本的人偶村，令人毛骨悚然。,143,50,93,2.86,direct_all_models_100samples_seed42_results.json,direct
QWEN,qwen3.5:9b,1,奥利、凯莉、米奇和杰西卡讨论各自认为可怕的地方：凯莉提到芬兰的一座雕塑园，那里有上百张表情阴郁的雕像脸；奥利则描述日本的一个村庄，里面的人形雕像数量甚至超过实际居民。大家觉得这些场景都很诡异，最后米奇因有事先行离开，其他人也道别了。,凯利很害怕芬兰雕塑花园里的人物，因为她觉得那些人物的脸非常病态。对奥利来说，这就像日本的人偶村，令人毛骨悚然。,106,50,56,2.12,direct_all_models_100samples_seed42_results.json,direct
Aya-Expanse,aya-expanse:8b,2,埃里克问贝拉今天老板房间里发生了什么，老板是否生气。贝拉回答说老板并没有生气，反而对他们拒绝客户请求的决定表示赞赏。埃里克惊讶地发现原来如此。贝拉解释说，老板希望吸引竞争对手的潜在客户。埃里克祝贺贝拉得到老板的认可。,贝拉和埃里克拒绝了一个客户的要求。他们老板很赞赏这个决定。他会吸引新的客户来。,100,36,64,2.7777777777777777,direct_all_models_100samples_seed42_results.json,direct
Gemma,gemma4:e4b,2,艾里克询问了老板办公室发生的事情，贝拉澄清老板并没有生气，反而赞赏他们果断拒绝客户请求的决定。两人对老板的反应感到惊讶，艾里克猜测这可能是因为老板原本想引入竞争对手的新客户，而这个结果反而成了好事。,贝拉和埃里克拒绝了一个客户的要求。他们老板很赞赏这个决定。他会吸引新的客户来。,93,36,57,2.5833333333333335,direct_all_models_100samples_seed42_results.json,direct
QWEN,qwen3.5:9b,2,老板并未因拒绝客户请求而生气，反而赞赏了我们的勇敢决定。原来他期待引入新客户（即当前客户的竞争对手），这一举动实为“塞翁失马”。,贝拉和埃里克拒绝了一个客户的要求。他们老板很赞赏这个决定。他会吸引新的客户来。,56,36,20,1.5555555555555556,direct_all_models_100samples_seed42_results.json,direct
Aya-Expanse,aya-expanse:8b,3,"玛丽：嘿，我有点缺钱，能借我几百元吗？
卡特：好的，给我一个小时，我在火车站。
玛丽：行，谢谢！",玛丽的钱用完了，卡特打算一小时后借给她一点。,35,20,15,1.75,direct_all_models_100samples_seed42_results.json,direct
Gemma,gemma4:e4b,3,玛丽向卡特借钱，卡特说一小时后在火车站给。,玛丽的钱用完了，卡特打算一小时后借给她一点。,19,20,-1,0.95,direct_all_models_100samples_seed42_results.json,direct
QWEN,qwen3.5:9b,3,玛丽因手头拮据向卡特借钱，卡特表示一小时后在火车站取钱给她。,玛丽的钱用完了，卡特打算一小时后借给她一点。,28,20,8,1.4,direct_all_models_100samples_seed42_results.json,direct
Aya-Expanse,aya-expanse:8b,4,杰克提议后来喝鸡尾酒，梅激动地回应“是！”她表示自己确实很紧张。杰克猜测了，梅叹了口气，承认确实有点紧张。她认为喝点酒会好一些，杰克建议可能要两杯。,杰克和梅一会儿要喝鸡尾酒。,64,12,52,5.333333333333333,direct_all_models_100samples_seed42_results.json,direct
Gemma,gemma4:e4b,4,杰克问玛雅稍后要不要喝鸡尾酒，玛雅非常兴奋地同意了。当杰克开玩笑说她今天有点紧张时，玛雅承认了这一点，并表示喝酒会有帮助，最后两人约定可以喝两杯。,杰克和梅一会儿要喝鸡尾酒。,67,12,55,5.583333333333333,direct_all_models_100samples_seed42_results.json,direct
QWEN,qwen3.5:9b,4,杰克提议稍后喝鸡尾酒，迈伊非常赞同并感叹他读懂了自己的心思。当杰克询问她今天是否有些紧张时，迈伊承认确实如此，于是两人决定各喝一杯甚至两杯来缓解情绪。,杰克和梅一会儿要喝鸡尾酒。,70,12,58,5.833333333333333,direct_all_models_100samples_seed42_results.json,direct
Aya-Expanse,aya-expanse:8b,5,约瑟夫发了一张模糊的照片，上面是两头小牛。艾拉看了之后兴奋地猜测是小牛，并表达了想要触摸它们的愿望。约瑟夫确认照片中的牛是他的表兄扬的牛，并纠正了艾拉的“双胞胎”为“一对”。艾拉对拥有两头牛感到高兴，并表达了对它们的好奇心。,约瑟夫给艾拉发了一张乌耶克·雅内克家双胞胎奶牛的照片，艾拉很高兴。,100,30,70,3.3333333333333335,direct_all_models_100samples_seed42_results.json,direct
Gemma,gemma4:e4b,5,约瑟夫发了照片，艾拉认出是小奶牛；约瑟夫说那是“Wujek Janek”的双胞胎奶牛，艾拉纠正为“Twins”，并对这些小奶牛表示喜爱和想触摸的愿望。,约瑟夫给艾拉发了一张乌耶克·雅内克家双胞胎奶牛的照片，艾拉很高兴。,53,30,23,1.7666666666666666,direct_all_models_100samples_seed42_results.json,direct
QWEN,qwen3.5:9b,5,约瑟夫分享了一张模糊的照片，显示 Wujek Janek 家的小牛犊。艾拉认出它们是双胞胎小牛并为此感到兴奋和喜爱，还表达了想摸摸它们的愿望。,约瑟夫给艾拉发了一张乌耶克·雅内克家双胞胎奶牛的照片，艾拉很高兴。,56,30,26,1.8666666666666667,direct_all_models_100samples_seed42_results.json,direct
Aya-Expanse,aya-expanse:8b,6,阿黛尔告诉洛拉她养了一只新的狗，是一只4个月大的小黄狗，名叫骨头（Bones）。其他宠物对新成员反应平静，猫保持距离，而波皮和露露似乎像母亲一样照顾它。斯皮迪想和他一起玩耍。阿黛尔提到幼犬通常比成年狗更容易被其他动物接受。洛拉开玩笑说女狗喜欢打架，但阿黛尔也同意这一点。他们决定给新狗取名骨头，因为它很胖。洛拉期待着见到这只可爱的狗。,之前阿黛尔得到了一只新的可爱的拉布拉多狗，4个月大，名叫秋伊。她的猫咪们和她保持着距离，而小狗波比和露露都很像它们的妈妈秋伊和斯皮迪，都想出去玩。,148,67,81,2.208955223880597,direct_all_models_100samples_seed42_results.json,direct
Gemma,gemma4:e4b,6,阿黛尔和洛拉聊起阿黛尔新养了一只四个月大的比斯吉犬幼犬，名叫Bones。她们谈到其他宠物对小狗的反应，提到猫咪保持距离，但Poppy和Lulu似乎像母狗一样照顾它，而Speedy则想玩耍。阿黛尔分享了她之前收养的成年狗狗需要断奶，并且指出了公狗和母狗都比较爱打架的特点。洛拉对小狗感到可爱并期待看到它。,之前阿黛尔得到了一只新的可爱的拉布拉多狗，4个月大，名叫秋伊。她的猫咪们和她保持着距离，而小狗波比和露露都很像它们的妈妈秋伊和斯皮迪，都想出去玩。,126,67,59,1.8805970149253732,direct_all_models_100samples_seed42_results.json,direct
QWEN,qwen3.5:9b,6,阿黛尔向罗拉介绍她刚领养的四个月大的拉布拉多幼犬“骨头”，性格活泼爱啃咬。家里的猫们保持距离，而两只母狗波皮和露露则像母亲一样照顾它，快嘴也愿意陪它玩，大家相处融洽没有打斗。两人讨论说雌性幼犬更容易被其他动物接纳，不像成年公狗那样需要隔离或容易好斗。阿黛尔觉得“骨头”很胖也很可爱，罗拉表示迫不及待想见到这位新成员。,之前阿黛尔得到了一只新的可爱的拉布拉多狗，4个月大，名叫秋伊。她的猫咪们和她保持着距离，而小狗波比和露露都很像它们的妈妈秋伊和斯皮迪，都想出去玩。,144,67,77,2.1492537313432836,direct_all_models_100samples_seed42_results.json,direct
Aya-Expanse,aya-expanse:8b,7,劳拉问明天去哪里，林达建议意大利餐厅。劳拉同意了。林达说她喜欢那里的面条和布朗尼，尽管她平时不吃甜食。,琳达和劳拉明天要去一家意大利餐馆。,46,16,30,2.875,direct_all_models_100samples_seed42_results.json,direct
Gemma,gemma4:e4b,7,两人讨论了第二天的去处，最终决定去一家意大利餐厅，琳达特别提到了那里的意面和布朗尼。劳拉提醒她以前不吃甜食，但琳达解释说这个布朗尼不太甜。,琳达和劳拉明天要去一家意大利餐馆。,64,16,48,4.0,direct_all_models_100samples_seed42_results.json,direct
QWEN,qwen3.5:9b,7,劳拉询问明天去哪里，琳达提议去一家意大利餐厅。虽然劳拉记得琳达不吃甜食，但琳达表示那里的意面很棒且布朗尼并不甜，因此同意了她的建议。,琳达和劳拉明天要去一家意大利餐馆。,61,16,45,3.8125,direct_all_models_100samples_seed42_results.json,direct
Aya-Expanse,aya-expanse:8b,8,"米亚：亲爱的，我今晚下班后可以出去吗？
埃利奥特：当然可以，去吧！😊
米亚：谢谢你，亲爱的。我们要度过一个女孩子们的外出夜晚。
埃利奥特：你们在做什么呢？
米亚：好吧，我们会去喝点饮料，享受一下工作之外的时光。
埃利奥特：请不要太晚回家，如果需要我来接你，就给我打电话。",米娅今晚下班后要和她的女性朋友一起出去。如果她愿意，艾略特会来接她。,109,31,78,3.5161290322580645,direct_all_models_100samples_seed42_results.json,direct
Gemma,gemma4:e4b,8,米娅向男友征得同意晚上下班后和朋友们出去聚会喝酒，男友同意了，并叮嘱她不要太晚回来，如果需要接送就打电话告诉他。,米娅今晚下班后要和她的女性朋友一起出去。如果她愿意，艾略特会来接她。,52,31,21,1.6774193548387097,direct_all_models_100samples_seed42_results.json,direct
QWEN,qwen3.5:9b,8,米娅下班后想出去参加女生聚会，埃利奥特表示同意并提醒她别太晚，如果需要接人随时打电话。,米娅今晚下班后要和她的女性朋友一起出去。如果她愿意，艾略特会来接她。,40,31,9,1.2903225806451613,direct_all_models_100samples_seed42_results.json,direct
Aya-Expanse,aya-expanse:8b,9,"瑞安：我感觉不对劲，看了这个文件（<file_other>）。
塞巴斯蒂安：乌克兰... 这个俄罗斯的闹剧永远不会结束...
瑞安：希望各国领导人能对这种情况做出反应。
塞巴斯蒂安：我也希望如此...",瑞安和塞巴斯蒂安担心乌克兰的政治局势。,67,18,49,3.7222222222222223,direct_all_models_100samples_seed42_results.json,direct
Gemma,gemma4:e4b,9,两人对乌克兰局势和俄方行为感到担忧，并希望各国领导人能采取行动。,瑞安和塞巴斯蒂安担心乌克兰的政治局势。,30,18,12,1.6666666666666667,direct_all_models_100samples_seed42_results.json,direct
QWEN,qwen3.5:9b,9,瑞安对局势感到不安，认为俄罗斯的闹剧永无止境，并希望各国领导人能对此做出反应。塞巴斯蒂安表示赞同并表达了同样的担忧。,瑞安和塞巴斯蒂安担心乌克兰的政治局势。,54,18,36,3.0,direct_all_models_100samples_seed42_results.json,direct
Aya-Expanse,aya-expanse:8b,10,芬恩提议明天去象与城堡（Elephant and Castle）这个社区，那里充满了拉丁美洲风情的小店和餐厅。扎迪对这个计划很感兴趣，因为她很久没有吃过拉丁美洲美食了。他们计划在下午两点在购物中心的主入口见面，探索这个即将被拆迁的社区。扎迪表示会及时联系芬恩，如果迷路了。,费恩和查蒂明天2点去象堡，他们会在正门碰头。,110,20,90,5.5,direct_all_models_100samples_seed42_results.json,direct
Gemma,gemma4:e4b,10,芬恩提议第二天和扎迪一起去一个据说有很多拉丁美洲风情的小区“大象与城堡”，扎迪同意了，并建议下午两点左右见面。他们约定在购物中心的入口处会合。,费恩和查蒂明天2点去象堡，他们会在正门碰头。,65,20,45,3.25,direct_all_models_100samples_seed42_results.json,direct
QWEN,qwen3.5:9b,10,芬恩邀请扎迪第二天去即将被拆除的象与城堡街区品尝拉丁美洲美食，两人约定下午两点在购物中心主入口见面。尽管计划细节模糊且充满幽默调侃，但扎迪欣然答应并感谢芬恩记得她的喜好，最终愉快地确认了行程。,费恩和查蒂明天2点去象堡，他们会在正门碰头。,91,20,71,4.55,direct_all_models_100samples_seed42_results.json,direct
Aya-Expanse,aya-expanse:8b,11,汤姆告诉本：2点在椭圆房间见，带上所有文件，这将是一场战斗！记住，无情地战斗，不留活口。本笑着回应，他们一定能赢，正义在他们这一边。,汤姆下午2点会在椭圆形会议室与本会面。他会先告诉对方把文件带来。,56,30,26,1.8666666666666667,direct_all_models_100samples_seed42_results.json,direct
Gemma,gemma4:e4b,11,汤告诉本，下午两点在椭圆形房间会面，并提醒他带好所有文件，准备一场激烈的战斗，要不留情面，射杀敌人。两人都表示必须赢得这场战役，因为正义站在他们这一边。,汤姆下午2点会在椭圆形会议室与本会面。他会先告诉对方把文件带来。,68,30,38,2.2666666666666666,direct_all_models_100samples_seed42_results.json,direct
QWEN,qwen3.5:9b,11,汤姆和班决定下午两点在椭圆室见面，并警告对方带上所有文件准备一场激烈较量。两人以幽默的口吻表示必须赢得这场战斗，因为正义站在他们这边。,汤姆下午2点会在椭圆形会议室与本会面。他会先告诉对方把文件带来。,63,30,33,2.1,direct_all_models_100samples_seed42_results.json,direct
Aya-Expanse,aya-expanse:8b,12,埃利奥特现在很忙，无法接听电话，提议两小时后再打电话。乔丹正在去参加同事布拉德的葬礼，晚上八点会打电话给埃利奥特。埃利奥特表示了慰问，并承诺在晚上八点打电话。布拉德因肝癌去世，乔丹之前已经提到过这个情况。,艾略特现在没空和乔丹说话，他很忙。晚上6点他会给乔丹回电话。乔丹要去参加布拉德的葬礼，布拉德因肝癌去世了。,93,48,45,1.9375,direct_all_models_100samples_seed42_results.json,direct
Gemma,gemma4:e4b,12,艾略特因忙碌无法通话，提议两小时后再回电。乔丹告知正在参加同事布拉德的葬礼（他患了肝癌），并表示今晚会回电。两人互相慰问，最终约定艾略特晚上八点致电。,艾略特现在没空和乔丹说话，他很忙。晚上6点他会给乔丹回电话。乔丹要去参加布拉德的葬礼，布拉德因肝癌去世了。,67,48,19,1.3958333333333333,direct_all_models_100samples_seed42_results.json,direct
QWEN,qwen3.5:9b,12,埃利奥特因忙碌无法通话，询问能否两小时后回电。乔丹表示将参加同事布拉德的葬礼（其患有肝癌），并约定今晚再联系。得知消息后，埃利奥特表达了哀悼与关心，并确认晚上 8 点致电。,艾略特现在没空和乔丹说话，他很忙。晚上6点他会给乔丹回电话。乔丹要去参加布拉德的葬礼，布拉德因肝癌去世了。,75,48,27,1.5625,direct_all_models_100samples_seed42_results.json,direct
Aya-Expanse,aya-expanse:8b,13,"Flo：天啊，我要到第六天才能去美发沙龙！
Gina：什么？为什么？
Flo：他们太忙了。我快要变灰白头发了！哈哈！
Gina：那你去超市买个染发套装吧！
Flo：没办法了！",弗洛要到6号才能预约到做头发。她担心自己头发会变成灰色，所以必须在特易购买一套补色工具。,57,41,16,1.3902439024390243,direct_all_models_100samples_seed42_results.json,direct
Gemma,gemma4:e4b,13,弗洛的沙龙要到六号才能去，因为太忙了。吉娜建议她去Tesco买个补色套装。,弗洛要到6号才能预约到做头发。她担心自己头发会变成灰色，所以必须在特易购买一套补色工具。,30,41,-11,0.7317073170731707,direct_all_models_100samples_seed42_results.json,direct
QWEN,qwen3.5:9b,13,弗洛因沙龙预约已满直到 6 号才能染发，担心变白发愁；吉娜建议她去特易购买补染套装，弗洛只好答应。,弗洛要到6号才能预约到做头发。她担心自己头发会变成灰色，所以必须在特易购买一套补色工具。,43,41,2,1.048780487804878,direct_all_models_100samples_seed42_results.json,direct
Aya-Expanse,aya-expanse:8b,14,杰克西认为大卫昨天说得对，关于承担责任等问题。大卫回应他记得了，约定稍后再谈，杰克西下班后会打电话给大卫。,根据杰克所说，理应由大卫承担责任。等杰克回家后他们再谈。,48,25,23,1.92,direct_all_models_100samples_seed42_results.json,direct
Gemma,gemma4:e4b,14,杰基承认了昨天戴维的观点，特别是关于承担责任的部分。两人约定稍后通话，杰基回家后会打电话给戴维。,根据杰克所说，理应由大卫承担责任。等杰克回家后他们再谈。,44,25,19,1.76,direct_all_models_100samples_seed42_results.json,direct
QWEN,qwen3.5:9b,14,杰基承认昨天大卫说得对，特别是关于承担责任的事；两人约定稍后详谈，杰凯表示回家后会给大卫打电话。,根据杰克所说，理应由大卫承担责任。等杰克回家后他们再谈。,44,25,19,1.76,direct_all_models_100samples_seed42_results.json,direct
Aya-Expanse,aya-expanse:8b,15,皮特问阿德尔是否清洁了仓鼠笼。阿德尔回答没有，并询问是不是轮到她了。皮特说是在学校后，没有借口。阿德尔无奈地同意了。,阿黛尔放学后得打扫仓鼠笼。,52,12,40,4.333333333333333,direct_all_models_100samples_seed42_results.json,direct
Gemma,gemma4:e4b,15,皮特让阿黛尔打扫仓鼠笼，阿黛尔承认是她的回合，并最终同意了。,阿黛尔放学后得打扫仓鼠笼。,27,12,15,2.25,direct_all_models_100samples_seed42_results.json,direct
QWEN,qwen3.5:9b,15,皮特问阿黛尔是否清理了仓鼠笼，她否认并询问是否是她的轮值。皮特确认是她的任务，强调放学后没有借口可以推脱，阿黛尔只好答应。,阿黛尔放学后得打扫仓鼠笼。,56,12,44,4.666666666666667,direct_all_models_100samples_seed42_results.json,direct
Aya-Expanse,aya-expanse:8b,16,兰道夫问玛雅还在药店吗，并请求她买4到5包耳塞。玛雅回答会买5包。兰道夫感谢她。,玛雅会在药房为伦道夫买5包耳塞。,36,15,21,2.4,direct_all_models_100samples_seed42_results.json,direct
Gemma,gemma4:e4b,16,兰道询问玛雅是否还在药店，并让她帮忙买四到五包耳塞。玛雅答应帮他买了五包。,玛雅会在药房为伦道夫买5包耳塞。,34,15,19,2.2666666666666666,direct_all_models_100samples_seed42_results.json,direct
QWEN,qwen3.5:9b,16,兰道夫问梅雅是否还在药店，并请她帮忙买四到五盒耳塞。梅雅答应会给他买五盒，兰道夫表示感谢。,玛雅会在药房为伦道夫买5包耳塞。,41,15,26,2.7333333333333334,direct_all_models_100samples_seed42_results.json,direct
Aya-Expanse,aya-expanse:8b,17,法蒂玛告诉林肯，她和杰森谈过，杰森对某个地方不太满意。林肯认为那地方没什么问题，但关心的是阿莱恩的情况。法蒂玛认为阿莱恩可能患有抑郁症，但她拒绝就医。林肯认为这不是法蒂玛的责任，并建议她为可能的分手做好准备。法蒂玛觉得阿莱恩只是有点困扰，因为她经历了很多。林肯直言不讳地说每个人都有问题，关键是自己是否在解决它们。法蒂玛感到伤心，但意识到自己的成长环境比阿莱恩好得多，决定感激当下。林肯鼓励她不要过多担忧他人，并赞美她的美丽。,法蒂玛很担心詹森和艾琳。艾琳遇上了一些问题。但林肯不希望法蒂玛为别人操心太多。,195,36,159,5.416666666666667,direct_all_models_100samples_seed42_results.json,direct
Gemma,gemma4:e4b,17,林肯和法蒂玛讨论了关于阿琳的困境。法蒂玛提到詹森对阿琳的状况不太满意，并担心她可能患有抑郁症，但阿琳不愿就医。林肯对此持冷漠态度，认为这是每个人都会有的问题，并暗示这不是法蒂玛该操心的事情。两人争论了谁应该为朋友的问题负责，最终林肯指责法蒂玛过于关注他人，而法蒂玛则感到被批评和伤心。最后，林肯劝她专注于自己，不再过度担忧别人。,法蒂玛很担心詹森和艾琳。艾琳遇上了一些问题。但林肯不希望法蒂玛为别人操心太多。,151,36,115,4.194444444444445,direct_all_models_100samples_seed42_results.json,direct
QWEN,qwen3.5:9b,17,林克和法蒂玛讨论朋友艾琳的困境：她可能患有抑郁症且拒绝就医，导致生活陷入混乱。两人因是否应介入而争执，林克认为这是艾琳自己的问题并指责其童年幸福无需担忧他人，法蒂玛则坚持作为朋友必须帮助她们解决矛盾。,法蒂玛很担心詹森和艾琳。艾琳遇上了一些问题。但林肯不希望法蒂玛为别人操心太多。,94,36,58,2.611111111111111,direct_all_models_100samples_seed42_results.json,direct
Aya-Expanse,aya-expanse:8b,18,杰夫和利亚因为刚从徒步旅行回来，都感到很累，所以没有兴趣去村庄派对。米科则表示想去，因为可能有帅气的男孩。吉姆开玩笑说，村里的男孩可能不讲英语，更愚蠢。米科同意了。利亚仍然不感兴趣，而杰夫虽然不热情，但也同意一起去。米科问谁要一起开车，以便他可以喝酒，杰夫表示无所谓。,米科和杰夫要去参加村里的聚会，杰夫开车。,119,18,101,6.611111111111111,direct_all_models_100samples_seed42_results.json,direct
Gemma,gemma4:e4b,18,关于是否去村里派对的讨论，莉亚因爬山太累不想去。米科对此很感兴趣，并开玩笑说那里可能有“帅哥”，引来吉姆和米科之间关于“淳朴”和“不会说英语”的调侃。最终，尽管莉亚不感兴趣，但米科和杰夫决定一起去派对，并且计划由米科开车。,米科和杰夫要去参加村里的聚会，杰夫开车。,96,18,78,5.333333333333333,direct_all_models_100samples_seed42_results.json,direct
QWEN,qwen3.5:9b,18,Lia 因徒步太累不想参加乡村派对，而 Mico 想去寻找“帅哥”，Jim 则调侃那些不会说英语的土著男孩。尽管 Lia 不感兴趣，Jeff 和 Mico 决定前往，并提议开车以便喝酒，Jeff 虽兴致不高但也同意同行。,米科和杰夫要去参加村里的聚会，杰夫开车。,73,18,55,4.055555555555555,direct_all_models_100samples_seed42_results.json,direct
Aya-Expanse,aya-expanse:8b,19,哈利急切地要求辛迪给埃拉打电话，说有紧急事情要讨论。辛迪抱怨说，他们总是让她充当传话筒，但这次之后不会再这样做了。她已经完成任务，哈利现在可以给埃拉打电话了。,艾拉没有接哈利的电话。在哈利的请求下，辛迪给艾拉打了电话。,72,26,46,2.769230769230769,direct_all_models_100samples_seed42_results.json,direct
Gemma,gemma4:e4b,19,哈里让辛迪给艾拉打电话，告知她有急事需要谈，并让她接电话。辛迪一开始不耐烦和抱怨，但最终还是照办了。,艾拉没有接哈利的电话。在哈利的请求下，辛迪给艾拉打了电话。,45,26,19,1.7307692307692308,direct_all_models_100samples_seed42_results.json,direct
QWEN,qwen3.5:9b,19,哈利请辛迪帮忙紧急联系艾拉通话，辛迪抱怨他总把自己当传声筒后答应转达并告知任务完成。,艾拉没有接哈利的电话。在哈利的请求下，辛迪给艾拉打了电话。,40,26,14,1.5384615384615385,direct_all_models_100samples_seed42_results.json,direct
Aya-Expanse,aya-expanse:8b,20,肯对格雷格说：“你这个卖淫的，给我退钱。” 格雷格怀疑是账号被黑客攻击，但肯解释说他是开玩笑。格雷格也回击了同样的侮辱。,肯恩正试图捉弄格雷格。,51,10,41,5.1,direct_all_models_100samples_seed42_results.json,direct
Gemma,gemma4:e4b,20,肯指责格欠钱，但随后承认自己是开玩笑，两人互相骂了一句。,肯恩正试图捉弄格雷格。,25,10,15,2.5,direct_all_models_100samples_seed42_results.json,direct
QWEN,qwen3.5:9b,20,肯向格雷格索要被骗走的钱，并开玩笑说是自己恶作剧；格雷格回应说既然对方是恶作剧者，那自己也回敬一句“去你的”。,肯恩正试图捉弄格雷格。,49,10,39,4.9,direct_all_models_100samples_seed42_results.json,direct
Aya-Expanse,aya-expanse:8b,21,"阿德里安：你能接电话吗？
西蒙：不方便，有什么重要的事吗？
阿德里安：不是很重要。
西蒙：我五点左右可以空出时间。
阿德里安：那我等你。",西蒙五分钟后会和阿德里安谈一谈。,53,15,38,3.533333333333333,direct_all_models_100samples_seed42_results.json,direct
Gemma,gemma4:e4b,21,亚德里安询问西蒙是否方便通话，但双方都表示没什么重要的事情。西蒙说下午五点有空，两人约定届时再联系。,西蒙五分钟后会和阿德里安谈一谈。,46,15,31,3.066666666666667,direct_all_models_100samples_seed42_results.json,direct
QWEN,qwen3.5:9b,21,艾德里安询问西蒙能否说话，得知对方不太方便后便表示没什么重要的事。随后两人约定在五点见面交谈。,西蒙五分钟后会和阿德里安谈一谈。,44,15,29,2.933333333333333,direct_all_models_100samples_seed42_results.json,direct
Aya-Expanse,aya-expanse:8b,22,加布表示现在可以随意发消息，并询问何时能见面喝酒。凯特很忙，不确定何时有空。加布希望在现实中见到她，但凯特拒绝了，称自己不是这样的人。加布试图解释他们的交流方式不同，但凯特认为这是个错误。加布确认凯特是否离线，但凯特没有回应。,加布想在线下和凯特见一面。但是凯特不喜欢加布的要求，所以她不会再和他说话了。,102,35,67,2.914285714285714,direct_all_models_100samples_seed42_results.json,direct
Gemma,gemma4:e4b,22,甲和乙在聊天后，甲提议见面喝酒。乙表示目前很忙不确定时间，并拒绝了与网上认识的陌生人见面。当甲继续说服时，乙态度变得疏远，最后让甲感到困惑和不安。,加布想在线下和凯特见一面。但是凯特不喜欢加布的要求，所以她不会再和他说话了。,66,35,31,1.8857142857142857,direct_all_models_100samples_seed42_results.json,direct
QWEN,qwen3.5:9b,22,加布和凯特在聊天后约定见面，但凯特因担心网络交友风险而拒绝。尽管加布试图解释两人已建立联系并表达想亲近的愿望，凯特仍认为这是错误决定并最终离开，留下加布焦急寻找她的身影。,加布想在线下和凯特见一面。但是凯特不喜欢加布的要求，所以她不会再和他说话了。,80,35,45,2.2857142857142856,direct_all_models_100samples_seed42_results.json,direct
Aya-Expanse,aya-expanse:8b,23,"阿加莎：我的演讲准备好了！
亚当：太棒了，是什么主题？
阿加莎：经济学。
亚当：听起来有意思吗？
阿加莎：当然，我使用了最新的研究数据。
亚当：看来你很了解这个领域呢！
阿加莎：我对经济学非常感兴趣。",阿加莎为自己感到骄傲，因为她已经完成了经济学相关的报告。她对经济学很感兴趣。,78,35,43,2.2285714285714286,direct_all_models_100samples_seed42_results.json,direct
Gemma,gemma4:e4b,23,阿加莎的经济学报告准备好了，亚当询问后得知是关于经济学的，并对内容表示好奇。阿加莎自信地表示使用了最新研究，两人都认可了她对经济学的热情和专业性。,阿加莎为自己感到骄傲，因为她已经完成了经济学相关的报告。她对经济学很感兴趣。,68,35,33,1.9428571428571428,direct_all_models_100samples_seed42_results.json,direct
QWEN,qwen3.5:9b,23,阿加莎表示经济学演示文稿已准备就绪，亚当询问后得知主题有趣且基于最新研究。两人确认了阿加莎对经济学的浓厚兴趣及专业能力。,阿加莎为自己感到骄傲，因为她已经完成了经济学相关的报告。她对经济学很感兴趣。,57,35,22,1.6285714285714286,direct_all_models_100samples_seed42_results.json,direct
Aya-Expanse,aya-expanse:8b,24,凯恩问沙农是否听过30秒至火星的新专辑，沙农表示没有。凯恩推荐她听，沙农表示会去听的。,凯恩向香农推荐30秒上火星乐队的新专辑。,38,18,20,2.111111111111111,direct_all_models_100samples_seed42_results.json,direct
Gemma,gemma4:e4b,24,凯恩向肖恩推荐了新的《致火星》专辑，肖恩表示感谢。,凯恩向香农推荐30秒上火星乐队的新专辑。,21,18,3,1.1666666666666667,direct_all_models_100samples_seed42_results.json,direct
QWEN,qwen3.5:9b,24,凯恩问香农是否听说三十秒到火星的新专辑，并推荐她听听看。香农感谢了他的建议。,凯恩向香农推荐30秒上火星乐队的新专辑。,35,18,17,1.9444444444444444,direct_all_models_100samples_seed42_results.json,direct
Aya-Expanse,aya-expanse:8b,25,安妮讨厌那个“恶女”！凯瑟琳和诺拉都好奇她又做什么了。凯瑟琳指的是在镜达。大家都对她很反感。昨天，镜达打电话给汤姆，表现得非常甜蜜，这让安妮怀疑她想夺走汤姆。凯瑟琳不认为镜达有这个可能，因为她觉得镜达不是汤姆的类型。,米兰达昨天打电话给汤姆，很甜蜜地和他讲话。安妮很生她的气，因为她正在和汤姆约会。,96,36,60,2.6666666666666665,direct_all_models_100samples_seed42_results.json,direct
Gemma,gemma4:e4b,25,安和凯瑟琳等人对米兰达非常不满，认为她昨天打电话给汤姆的行为（尤其是在知道他们交往的情况下）是故意想抢走汤姆。诺拉则不以为然地反驳说米兰达不是汤姆喜欢的类型。,米兰达昨天打电话给汤姆，很甜蜜地和他讲话。安妮很生她的气，因为她正在和汤姆约会。,74,36,38,2.0555555555555554,direct_all_models_100samples_seed42_results.json,direct
QWEN,qwen3.5:9b,25,安妮和凯瑟琳对米拉达的嫉妒行为感到愤怒，认为她故意破坏她们与汤姆的关系以从中作梗。诺拉则反驳说米拉达并非汤姆的类型。,米兰达昨天打电话给汤姆，很甜蜜地和他讲话。安妮很生她的气，因为她正在和汤姆约会。,55,36,19,1.5277777777777777,direct_all_models_100samples_seed42_results.json,direct
Aya-Expanse,aya-expanse:8b,26,莉莉和凯特聊天，莉莉说她和一位叫托马斯的人度过了一夜，他是一个罗马尼亚富家子，正在伦敦的LSE学习。莉莉惊讶于他并不像预期的那么平淡无奇，相反，他在各个方面都给她带来了极大的享受，让她头痛不已。凯特很高兴听到这个消息，认为莉莉值得拥有一些乐趣，因为最近几周她经历了很多压力。,莉莉和托马斯度过了一个美好的夜晚。托马斯是罗马尼亚人，来自一个非常富有的家庭。,124,36,88,3.4444444444444446,direct_all_models_100samples_seed42_results.json,direct
Gemma,gemma4:e4b,26,莉莉和凯特聊起昨晚的经历，莉莉说她和一个名叫托马斯的男人度过了非常美好的夜晚。对方是罗马尼亚人，家境极其富裕，在伦敦工作于LSE。尽管凯特觉得这很“可预测”，但莉莉表示他让她感到惊喜，因为他在方方面面都超出了她的预期，让她感到非常愉悦。凯特为她能放松和享受乐趣感到高兴。,莉莉和托马斯度过了一个美好的夜晚。托马斯是罗马尼亚人，来自一个非常富有的家庭。,121,36,85,3.361111111111111,direct_all_models_100samples_seed42_results.json,direct
QWEN,qwen3.5:9b,26,莉莉与一位名叫托马斯的罗马尼亚富家子弟度过了令人难忘的夜晚。尽管他在伦敦帝国理工学院（LSE）就读，看似符合预期，但莉莉原本担心他会平庸乏味，结果却发现他无论在身材、热情还是财力上都远超想象，让她乐得头痛。凯特为她在过去几周后的这次快乐时光感到高兴，两人对此表示赞同。,莉莉和托马斯度过了一个美好的夜晚。托马斯是罗马尼亚人，来自一个非常富有的家庭。,121,36,85,3.361111111111111,direct_all_models_100samples_seed42_results.json,direct
Aya-Expanse,aya-expanse:8b,27,鲍勃问梅兰妮是否预订了明天的票。梅兰妮说杰克承诺会做这件事，而且他有工作场所折扣。鲍勃再次确认杰克是否在场并预订了票。杰克回答已经预订了三张明天晚上七点的票，并且享受了30%的折扣。,杰克预定了三张明天晚上七点的票。他能享受七折优惠。,83,23,60,3.608695652173913,direct_all_models_100samples_seed42_results.json,direct
Gemma,gemma4:e4b,27,鲍勃询问是否预订了明天的票，梅兰妮说杰克答应了她会做，并提到有工作折扣。鲍勃随后问杰克，杰克确认已预订了三张明天晚上七点的票，并且获得了30%的折扣。,杰克预定了三张明天晚上七点的票。他能享受七折优惠。,67,23,44,2.9130434782608696,direct_all_models_100samples_seed42_results.json,direct
QWEN,qwen3.5:9b,27,Melanie 表示已委托拥有工作折扣的 Jake 预订明天的门票，随后 Bob 确认收到消息：已成功订好三张晚上七点的票并享受了百分之三十的优惠。,杰克预定了三张明天晚上七点的票。他能享受七折优惠。,55,23,32,2.391304347826087,direct_all_models_100samples_seed42_results.json,direct
Aya-Expanse,aya-expanse:8b,28,丽莎问彼得最近过得怎么样。彼得说工作很忙。丽莎认为他可能在为健康而努力，而不是减肥。彼得解释他想通过锻炼改善健康状况，并不需要减重。他们讨论了锻炼和饮食对保持健康的重要性，并同意长期坚持健康习惯非常重要。,彼得最近一直在他们办公室附近的健身房锻炼以改善健康状况。为了更健康，丽莎正在考虑锻炼和更加合理饮食。,94,47,47,2.0,direct_all_models_100samples_seed42_results.json,direct
Gemma,gemma4:e4b,28,两人聊起保持健康的方式，彼得提到自己健身是为了改善健康而非减肥，他常去公司附近的健身房做力量训练和跑步。丽莎补充说除了运动，饮食和充足的睡眠也是维持健康的必要条件，并一致认为需要养成长期良好的生活习惯。,彼得最近一直在他们办公室附近的健身房锻炼以改善健康状况。为了更健康，丽莎正在考虑锻炼和更加合理饮食。,95,47,48,2.021276595744681,direct_all_models_100samples_seed42_results.json,direct
QWEN,qwen3.5:9b,28,丽莎与彼得讨论近期健康状况，彼得以健身改善健康而非减重。两人交流了去健身房锻炼及均衡饮食的重要性，并强调充足睡眠对长期保持健康的必要性，一致认为需坚持规律的生活方式以维持良好状态。,彼得最近一直在他们办公室附近的健身房锻炼以改善健康状况。为了更健康，丽莎正在考虑锻炼和更加合理饮食。,85,47,38,1.8085106382978724,direct_all_models_100samples_seed42_results.json,direct
Aya-Expanse,aya-expanse:8b,29,杰西卡去城里二手店买了很多东西，包括一张橡木桌、六把椅子、一个花瓶和一堆衣服。她发了照片给拉斐尔和弗兰克，他们都非常喜欢那张桌子，尤其是拉斐尔对黑色的连衣裙赞不绝口。杰西卡对自己的购买感到非常满意，更令人高兴的是，她只花了70欧元就买了所有这些东西！,杰西卡在市中心的二手商店买了一张桌子、六把椅子、一个花瓶和一堆衣服。这些一共花了70欧元。,114,40,74,2.85,direct_all_models_100samples_seed42_results.json,direct
Gemma,gemma4:e4b,29,杰西卡去了市中心的二手店，买了很多东西，包括一张橡木桌子、六把椅子、一个花瓶和一堆衣服。拉斐尔称赞了桌子，弗兰克则对黑色的连衣裙表示喜爱。杰西卡非常满意自己的购买，并且所有这些物品的总价仅为70欧元。,杰西卡在市中心的二手商店买了一张桌子、六把椅子、一个花瓶和一堆衣服。这些一共花了70欧元。,90,40,50,2.25,direct_all_models_100samples_seed42_results.json,direct
QWEN,qwen3.5:9b,29,杰西卡在下城的二手店买了很多东西，包括一张橡木桌、六把椅子、一个花瓶和一堆衣服。她特别喜欢一条黑色连衣裙并决定买下它。所有物品仅花费了 70 欧元，让她非常开心。,杰西卡在市中心的二手商店买了一张桌子、六把椅子、一个花瓶和一堆衣服。这些一共花了70欧元。,71,40,31,1.775,direct_all_models_100samples_seed42_results.json,direct
Aya-Expanse,aya-expanse:8b,30,Desiree 问 Lucian 两人是否在家，Lucian 表示刚收到消息，没有特别原因。Desiree 要求将面条放在微波炉里加热。Lucian 回答自己还没做饭。,卢西恩不在家。德西蕾希望卢西恩把她的意大利面放在微波炉里。,46,27,19,1.7037037037037037,direct_all_models_100samples_seed42_results.json,direct
Gemma,gemma4:e4b,30,迪泽询问卢西安是否在家，并让他把意面放在微波炉里加热。卢西安表示自己什么都没做过饭。,卢西恩不在家。德西蕾希望卢西恩把她的意大利面放在微波炉里。,39,27,12,1.4444444444444444,direct_all_models_100samples_seed42_results.json,direct
QWEN,qwen3.5:9b,30,Debbie 问 Lucian 是否都在家，Lucian 表示刚收到消息并不在家且没做饭，Debbie 便让他把意大利面留在微波炉里。,卢西恩不在家。德西蕾希望卢西恩把她的意大利面放在微波炉里。,39,27,12,1.4444444444444444,direct_all_models_100samples_seed42_results.json,direct
Aya-Expanse,aya-expanse:8b,31,艾米丽提议今天下班后一起喝点东西，凯特和玛塔都同意了。他们计划在中央车站的X酒吧约定时间5：30见面，但凯特可能要晚一点到达，因为交通状况。玛塔表示没问题，并祝大家再见。,艾米丽、凯特和玛塔今天要去中央车站的x酒吧喝一杯。,76,23,53,3.3043478260869565,direct_all_models_100samples_seed42_results.json,direct
Gemma,gemma4:e4b,31,大家决定下班后去酒吧X小酌一杯，时间初步定在下午五点半左右，但凯特可能需要推迟到六点。,艾米丽、凯特和玛塔今天要去中央车站的x酒吧喝一杯。,40,23,17,1.7391304347826086,direct_all_models_100samples_seed42_results.json,direct
QWEN,qwen3.5:9b,31,艾米丽提议下班后去中央车站的 Pub X 喝一杯，凯特和玛塔表示赞同。考虑到交通状况，凯特预计六点到达，大家约定届时见。,艾米丽、凯特和玛塔今天要去中央车站的x酒吧喝一杯。,50,23,27,2.1739130434782608,direct_all_models_100samples_seed42_results.json,direct
Aya-Expanse,aya-expanse:8b,32,"玛丽：嗨，我的朋友😘
爱丽丝：你今天不是去学校吗？
玛丽：不，我今天待在家里。
爱丽丝：幸运你！",今天玛丽没有去上学，她就待在家里。,35,15,20,2.3333333333333335,direct_all_models_100samples_seed42_results.json,direct
Gemma,gemma4:e4b,32,玛丽告诉朋友她今天没去学校，在家里。,今天玛丽没有去上学，她就待在家里。,16,15,1,1.0666666666666667,direct_all_models_100samples_seed42_results.json,direct
QWEN,qwen3.5:9b,32,玛丽向朋友打招呼，得知她今天没去学校而是待在家里时，爱丽丝表示很羡慕。,今天玛丽没有去上学，她就待在家里。,32,15,17,2.1333333333333333,direct_all_models_100samples_seed42_results.json,direct
Aya-Expanse,aya-expanse:8b,33,安妮询问克里斯汀是否会去学校。克里斯汀表示明天不会去，因为她感觉不舒服，可能得了流感。安妮关心她的体温和饮食情况，克里斯汀回答没有发烧，只是鼻塞、喉咙痛和疲劳。安妮建议她吃特拉弗（Theraflu），并表示会后来送一些给她。克里斯汀感谢安妮的帮助，但担心自己可能会传染给安妮，让安妮不要打电话。安妮开玩笑说自己可能已经感冒了，但如果克里斯汀醒着，可以随时打电话。,克莉丝汀病了，明天不来上学了。安妮会把西拉夫的香囊放在邮箱里。克莉丝汀不想把病传染给她。,156,40,116,3.9,direct_all_models_100samples_seed42_results.json,direct
Gemma,gemma4:e4b,33,安妮询问克里斯汀是否会去学校，得知她因感冒（疑似流感）无法上学。两人交谈后，安妮提出要不要帮忙，并答应稍后将泰拉氟（Theraflu）送到她的信箱。克里斯汀叮嘱安妮不要来探望以免传染，但又让安妮知道如果房间灯亮着可以打电话。,克莉丝汀病了，明天不来上学了。安妮会把西拉夫的香囊放在邮箱里。克莉丝汀不想把病传染给她。,94,40,54,2.35,direct_all_models_100samples_seed42_results.json,direct
QWEN,qwen3.5:9b,33,安妮询问克里斯汀是否去上学，得知她因患流感身体不适。两人交流症状后，安妮表示家中还有感冒药将放入信箱，并建议若需休息可不必担心来电打扰。,克莉丝汀病了，明天不来上学了。安妮会把西拉夫的香囊放在邮箱里。克莉丝汀不想把病传染给她。,63,40,23,1.575,direct_all_models_100samples_seed42_results.json,direct
Aya-Expanse,aya-expanse:8b,34,沙隆达宣布她要结婚，并发送了一张通过消息应用程序的婚礼邀请。皮珀感到惊讶，因为他们多年没有联系，而现在沙隆达才发来邀请。皮珀认为沙隆达太贪婪，期望别人参加她的婚礼，却没有时间亲自送邀请。,沙尔多纳通过手机发送了婚礼邀请，因为她没有时间亲自去送邀请函。,85,29,56,2.9310344827586206,direct_all_models_100samples_seed42_results.json,direct
Gemma,gemma4:e4b,34,莎尔多娜通过聊天软件发送了婚礼电子请柬，但派珀指出，既然没时间亲自送请柬，却期望朋友们出席婚礼，这让她觉得莎尔多娜“太贪心了”。,沙尔多纳通过手机发送了婚礼邀请，因为她没有时间亲自去送邀请函。,57,29,28,1.9655172413793103,direct_all_models_100samples_seed42_results.json,direct
QWEN,qwen3.5:9b,34,Shaldona 通过即时通讯软件向 Piper 发送婚礼电子请柬，解释因时间紧迫无法亲自送达。Piper 对此表示不满，认为若连亲递请柬的时间都没有却指望他人参加婚礼，显得过于贪婪。,沙尔多纳通过手机发送了婚礼邀请，因为她没有时间亲自去送邀请函。,68,29,39,2.3448275862068964,direct_all_models_100samples_seed42_results.json,direct
Aya-Expanse,aya-expanse:8b,35,康拉德在房子外面，忘记带钥匙。雷贝卡和蒂芬尼有消息，蒂芬尼将于晚上10点到11点回家，而雷贝卡会更晚回来。康拉德决定在咖啡店等候。,康拉德忘了带钥匙，所以回不了家。瑞贝卡和蒂芙妮回来得晚，他得在咖啡厅等。,57,32,25,1.78125,direct_all_models_100samples_seed42_results.json,direct
Gemma,gemma4:e4b,35,康拉德在外面忘了带钥匙，丽贝卡和蒂芙尼的到家时间都不确定或更晚，于是康拉德决定去咖啡馆等。,康拉德忘了带钥匙，所以回不了家。瑞贝卡和蒂芙妮回来得晚，他得在咖啡厅等。,42,32,10,1.3125,direct_all_models_100samples_seed42_results.json,direct
QWEN,qwen3.5:9b,35,康拉德在屋外弄丢了钥匙，蒂芙尼预计十点到十一点回家，而丽贝卡会更晚才回来。康拉德很担心，决定去咖啡店等待。,康拉德忘了带钥匙，所以回不了家。瑞贝卡和蒂芙妮回来得晚，他得在咖啡厅等。,48,32,16,1.5,direct_all_models_100samples_seed42_results.json,direct
Aya-Expanse,aya-expanse:8b,36,"雅各波：嗨，你小时候有喜欢的恐龙吗？
柳米拉：有啊，三角龙。为什么？
雅各波：我后来告诉你原因。",卢德米拉小时候最喜欢的恐龙是三角龙。,37,17,20,2.176470588235294,direct_all_models_100samples_seed42_results.json,direct
Gemma,gemma4:e4b,36,雅科波问露德米拉小时候有没有喜欢的恐龙，露德米拉回答是三角龙，雅科波表示稍后会告诉她原因。,卢德米拉小时候最喜欢的恐龙是三角龙。,42,17,25,2.4705882352941178,direct_all_models_100samples_seed42_results.json,direct
QWEN,qwen3.5:9b,36,雅科波问露德米拉小时候最喜欢的恐龙是什么，她回答是三角龙。雅科波表示稍后告诉她原因。,卢德米拉小时候最喜欢的恐龙是三角龙。,39,17,22,2.2941176470588234,direct_all_models_100samples_seed42_results.json,direct
Aya-Expanse,aya-expanse:8b,37,克莱尔分享了一件礼服（文件链接），玛丽亚和妮可都认为这件礼服非常适合新娘，价格也合理。克莱尔虽然觉得颜色有点暗，但最终被说服了，决定下单。,在玛丽亚和妮可的建议下，克莱尔正在订购她的婚纱。,61,22,39,2.772727272727273,direct_all_models_100samples_seed42_results.json,direct
Gemma,gemma4:e4b,37,大家都在看一件衣服，虽然克莱尔觉得颜色不够鲜艳可以更深一点，但妮可和玛丽都极力推荐，并强调了价格合适，最终克莱尔表示同意购买。,在玛丽亚和妮可的建议下，克莱尔正在订购她的婚纱。,58,22,36,2.6363636363636362,direct_all_models_100samples_seed42_results.json,direct
QWEN,qwen3.5:9b,37,克莱尔向玛丽亚和妮可展示了一件衣服，认为颜色略显暗淡。两人则极力称赞该颜色非常适合新娘且价格实惠，鼓励她立即购买以免后悔。最终在朋友的劝说下，克莱尔决定下单这件裙子。,在玛丽亚和妮可的建议下，克莱尔正在订购她的婚纱。,77,22,55,3.5,direct_all_models_100samples_seed42_results.json,direct
Aya-Expanse,aya-expanse:8b,38,阿比（Abby）讲述了她昨天在派对上认识的米罗（Miro）的故事。米罗的父亲来自1990年代初的阿尔巴尼亚，他们非法离开了该国，逃离了极端贫困和动荡。米罗只会说阿尔巴尼亚语，并分享了他父亲通过不合法途径出国的经历，包括人们挤上任何可用的船只逃离该国的场景。,米罗和他的父母说阿尔巴尼亚语。他的家人在20世纪90年代非法出境离开了阿尔巴尼亚。,108,37,71,2.918918918918919,direct_all_models_100samples_seed42_results.json,direct
Gemma,gemma4:e4b,38,艾比和迪伦讨论了与米罗的交谈。艾比提到，在派对上认识的米罗来自阿尔巴尼亚海岸地区，他的父亲曾在20世纪90年代初从那里来到美国，当时情况非常艰难，他们几乎是非法离开的。,米罗和他的父母说阿尔巴尼亚语。他的家人在20世纪90年代非法出境离开了阿尔巴尼亚。,76,37,39,2.054054054054054,direct_all_models_100samples_seed42_results.json,direct
QWEN,qwen3.5:9b,38,艾比询问是否见过米罗，戴伦和布兰登表示尚未有机会接触。布伦达提到昨天在派对上曾与米罗见面，艾比称赞他很有趣并讲述了其父亲上世纪 90 年代初从阿尔巴尼亚沿海城市杜雷斯非法逃离至美国的经历：当时当地极度贫困、秩序混乱，人们争相登上任何可用船只以离开故土；照片中甚至包括他的父亲。戴伦对此感到既令人震惊又着迷。,米罗和他的父母说阿尔巴尼亚语。他的家人在20世纪90年代非法出境离开了阿尔巴尼亚。,141,37,104,3.810810810810811,direct_all_models_100samples_seed42_results.json,direct
Aya-Expanse,aya-expanse:8b,39,丹问大家周六是否一起出去。蒂姆和克里斯都同意，但汤姆因要去女家参加派对而无法参加。克里斯和马丁也表示自己可能需要跟着放松。蒂姆调侃道大家像60岁的人。,丹、蒂姆、克里斯和马丁8点碰面。丹和马丁这次会放松一下。汤姆来不了，因为他岳父岳母家有个聚会。,69,41,28,1.6829268292682926,direct_all_models_100samples_seed42_results.json,direct
Gemma,gemma4:e4b,39,大家确认了周六是否要出去，地点在市中心。汤姆表示不能参加因为要去娘家参加派对。最后确定时间为晚上八点左右结束，但丹提到周日中午需要回家休息和开车准备。对话中还穿插了几句关于年龄和状态的玩笑话。,丹、蒂姆、克里斯和马丁8点碰面。丹和马丁这次会放松一下。汤姆来不了，因为他岳父岳母家有个聚会。,90,41,49,2.1951219512195124,direct_all_models_100samples_seed42_results.json,direct
QWEN,qwen3.5:9b,39,丹、蒂姆和克里斯计划周六外出，但汤姆因要去岳父母家参加派对而退出。由于丹周日中午需要开车回家，大家不得不提前结束聚会并放慢节奏，这让蒂姆等人显得像六十岁的人一样疲惫，最后两人互相调侃对方是否是最剩下的两个“老人”。,丹、蒂姆、克里斯和马丁8点碰面。丹和马丁这次会放松一下。汤姆来不了，因为他岳父岳母家有个聚会。,98,41,57,2.3902439024390243,direct_all_models_100samples_seed42_results.json,direct
Aya-Expanse,aya-expanse:8b,40,迪玛的笔记本电脑坏了，明天需要交翻译，但 Nada 的旧笔记本电脑已经借给了她哥哥。 尽管如此，Nada 还是同意让迪玛使用她的笔记本电脑，因为她这两天都请假了。 迪玛表示非常感激，并承认他们应该为翻译工作准备备用笔记本电脑。 她想在一小时内来取笔记本电脑。,迪玛的笔记本电脑坏了，因为她的猫把咖啡洒在笔记本电脑上。 迪玛很担心，因为她明天必须为trados提供翻译。一个小时后迪玛会来纳达家，借纳达的笔记本电脑。,108,65,43,1.6615384615384616,direct_all_models_100samples_seed42_results.json,direct
Gemma,gemma4:e4b,40,迪马的笔记本电脑坏了，急需用它来完成明天的翻译任务。他向娜达借用旧电脑，娜达虽然说自己已经把旧电脑给了弟弟，但体贴地让迪马使用她这两天休假的时间，并同意让他拿走她的电脑。两人聊到以后需要为备用笔记本投资，最后约定了迪马一小时后去取电脑。,迪玛的笔记本电脑坏了，因为她的猫把咖啡洒在笔记本电脑上。 迪玛很担心，因为她明天必须为trados提供翻译。一个小时后迪玛会来纳达家，借纳达的笔记本电脑。,110,65,45,1.6923076923076923,direct_all_models_100samples_seed42_results.json,direct
QWEN,qwen3.5:9b,40,迪玛因笔记本电脑被猫打翻咖啡损坏，急需在明天上午九点完成翻译任务而陷入困境。她向娜达借用了她的备用电脑，并感谢对方提供的帮助和 Trados 软件的支持。两人还讨论了需要投资购买备份设备的重要性，约定一小时后取回电脑。,迪玛的笔记本电脑坏了，因为她的猫把咖啡洒在笔记本电脑上。 迪玛很担心，因为她明天必须为trados提供翻译。一个小时后迪玛会来纳达家，借纳达的笔记本电脑。,96,65,31,1.476923076923077,direct_all_models_100samples_seed42_results.json,direct
Aya-Expanse,aya-expanse:8b,41,杰里（Jerry）给珍妮特（Janet）发了个甜蜜的问候。珍妮特回应说期待他的归来。杰里表示大约40分钟后到家，珍妮特说她会等他。杰里询问了珍妮特的日常，珍妮特抱怨了下老板的烦人之处。他们互道再见，表达了爱意。,杰瑞40分钟后到家。,84,8,76,10.5,direct_all_models_100samples_seed42_results.json,direct
Gemma,gemma4:e4b,41,杰瑞告知珍妮特他将在四十分钟后到家，两人互相道别。珍妮特抱怨了工作中的老板让人烦恼。,杰瑞40分钟后到家。,39,8,31,4.875,direct_all_models_100samples_seed42_results.json,direct
QWEN,qwen3.5:9b,41,杰瑞和珍妮特互相问候后，杰瑞告知自己四十分钟后到家。珍妮特抱怨老板难缠，杰瑞表示理解并附和。最后两人约定稍见，互道珍重。,杰瑞40分钟后到家。,54,8,46,6.75,direct_all_models_100samples_seed42_results.json,direct
Aya-Expanse,aya-expanse:8b,42,莎莉向大家传闻娜塔莉的消息。尽管简不愿意分享，但其他人都感到好奇。当他们知道了消息时，大家惊讶地发现孩子的父亲是戴夫，而不是他们猜测的迈克。,娜塔莉怀了戴夫的孩子。简认为萨莉不应该告诉别人，因为娜塔莉是私下告诉他们的。亨利埃特和格雷格很惊讶，孩子的父亲居然是戴夫而不是迈克。,64,61,3,1.0491803278688525,direct_all_models_100samples_seed42_results.json,direct
Gemma,gemma4:e4b,42,莎莉提起娜塔莉，大家都很好奇。尽管简提醒她保密，但众人追问细节，最终莎莉爆料了娜塔莉怀孕的消息，并透露了父亲是戴夫，令在场所有人感到震惊。,娜塔莉怀了戴夫的孩子。简认为萨莉不应该告诉别人，因为娜塔莉是私下告诉他们的。亨利埃特和格雷格很惊讶，孩子的父亲居然是戴夫而不是迈克。,62,61,1,1.0163934426229508,direct_all_models_100samples_seed42_results.json,direct
QWEN,qwen3.5:9b,42,萨莉向朋友们打听娜塔莉的八卦，尽管简表示不该泄露她私下告知的秘密，但众人仍好奇追问。当有人猜测孩子父亲是迈克时，萨莉揭晓答案竟是戴夫，令亨利特和格雷格大为震惊并认为此事荒谬至极。,娜塔莉怀了戴夫的孩子。简认为萨莉不应该告诉别人，因为娜塔莉是私下告诉他们的。亨利埃特和格雷格很惊讶，孩子的父亲居然是戴夫而不是迈克。,83,61,22,1.360655737704918,direct_all_models_100samples_seed42_results.json,direct
Aya-Expanse,aya-expanse:8b,43,黛西问丽莎是否要回家，丽莎回答还不算。黛西请求丽莎在11点前回来。丽莎同意了。,丽莎还没回家，黛西想要她晚上11点前回来。,34,18,16,1.8888888888888888,direct_all_models_100samples_seed42_results.json,direct
Gemma,gemma4:e4b,43,黛西让丽莎晚上十一点前到家。,丽莎还没回家，黛西想要她晚上11点前回来。,13,18,-5,0.7222222222222222,direct_all_models_100samples_seed42_results.json,direct
QWEN,qwen3.5:9b,43,黛西问丽莎是否回家，丽莎表示还没走。黛西请她在晚上十一点前回来，丽莎答应了。,丽莎还没回家，黛西想要她晚上11点前回来。,34,18,16,1.8888888888888888,direct_all_models_100samples_seed42_results.json,direct
Aya-Expanse,aya-expanse:8b,44,Cindy 发了个 GIF 和视频给 Ellie，表示自己很伤心，不想谈论原因。 Ellie 鼓励 Cindy 乐观起来，并指出那段视频在网上很火，很有趣。,辛迪很伤心，但不愿意说出原因。艾莉还没看那个疯传的搞笑视频。,46,27,19,1.7037037037037037,direct_all_models_100samples_seed42_results.json,direct
Gemma,gemma4:e4b,44,艾莉发现辛迪很伤心，但辛迪不想谈论。随后，辛迪分享了一个在网上爆红的视频给艾莉看，艾莉表示没看过，但觉得很有趣。,辛迪很伤心，但不愿意说出原因。艾莉还没看那个疯传的搞笑视频。,50,27,23,1.8518518518518519,direct_all_models_100samples_seed42_results.json,direct
QWEN,qwen3.5:9b,44,艾莉询问辛迪为何难过，但辛迪不愿多谈。随后辛迪分享了一个在网络上疯传的搞笑视频和动图，艾莉表示虽然没看过但觉得很有趣。,辛迪很伤心，但不愿意说出原因。艾莉还没看那个疯传的搞笑视频。,55,27,28,2.037037037037037,direct_all_models_100samples_seed42_results.json,direct
Aya-Expanse,aya-expanse:8b,45,凯瑟琳邀请本去看望他们家族中的叔叔史蒂夫，但本表示自己不喜欢这种拜访，觉得会让他感到压力。凯瑟琳试图说服他，说孩子们想见他，但本认为他们可以等他有空时再见面，无需特地前往另一个城市。凯瑟琳提到史蒂夫会失望，但本坚持认为史蒂夫可能不会太在意，因为他们没有共同话题，而且史蒂夫总是问他的私生活问题让他感到烦恼。尽管如此，凯瑟琳还是鼓励本去看望孩子们。本同意了，表示会尽快找到时间去看他们。,本不会和凯瑟琳一起去看望史蒂夫叔叔。他会去看望凯瑟琳和孩子们。,177,29,148,6.103448275862069,direct_all_models_100samples_seed42_results.json,direct
Gemma,gemma4:e4b,45,凯瑟琳邀请本去探望史蒂夫叔叔，但本表示不喜欢这类聚会，觉得压力大。尽管凯瑟琳以男孩们想念他为由劝说，本仍心有不甘，认为自己和史蒂夫没什么共同话题，且史蒂夫总喜欢问一些私事问题。最后，在凯瑟琳妥协后，本同意以后找时间去看望孩子们。,本不会和凯瑟琳一起去看望史蒂夫叔叔。他会去看望凯瑟琳和孩子们。,104,29,75,3.586206896551724,direct_all_models_100samples_seed42_results.json,direct
QWEN,qwen3.5:9b,45,凯瑟琳邀请本一起去探望许久未见的史蒂夫叔叔，但本因反感此类拜访、担心再次引发不快而拒绝。他提议改日再去陪孩子们玩，并认为与史蒂夫并无共同点且对方常追问隐私令人厌烦。尽管凯瑟琳表示史蒂夫会失望并解释其关心之意，本仍坚持己见；最后在本同意有空时再探望后，对话结束。,本不会和凯瑟琳一起去看望史蒂夫叔叔。他会去看望凯瑟琳和孩子们。,121,29,92,4.172413793103448,direct_all_models_100samples_seed42_results.json,direct
Aya-Expanse,aya-expanse:8b,46,史蒂夫告诉妈妈，洗碗机已经安装好了，并且做得很好。他发了一张照片给妈妈，显示洗碗机的样子。妈妈问它是12个餐盘的，史蒂夫说虽然他通常没有那么多客人，但这并不意味着每天都需要用到它，每隔一天就够了。妈妈很高兴史蒂夫对洗碗机满意。,史蒂夫很高兴他装了一台新的洗碗机。,102,16,86,6.375,direct_all_models_100samples_seed42_results.json,direct
Gemma,gemma4:e4b,46,史蒂夫说洗碗机装好了，妈妈看了照片觉得很漂亮。史蒂夫表示它很安静，并提到它似乎是12个餐具位的，但实际上不用每天都用。妈妈对史蒂夫满意感到高兴。,史蒂夫很高兴他装了一台新的洗碗机。,65,16,49,4.0625,direct_all_models_100samples_seed42_results.json,direct
QWEN,qwen3.5:9b,46,史蒂夫告诉妈妈洗碗机已安装完毕，效果很好且运行安静。虽然容量为 12 人份但实际使用频率不高，他每两天才用一次。得知母亲为他感到高兴时，他也表达了感谢。,史蒂夫很高兴他装了一台新的洗碗机。,67,16,51,4.1875,direct_all_models_100samples_seed42_results.json,direct
Aya-Expanse,aya-expanse:8b,47,亨利想预订科哈库咖啡馆的桌子，但找不到任何信息，连其Facebook页面也消失了。朱莉娅证实咖啡馆已经关门，可能是因为租金过高。亨利和朱莉娅都对这家位于 Covent Garden 附近的咖啡馆很失望，并讨论了其他替代选择。,茱莉亚上周去了考文特花园附近的kohaku咖啡馆，但现在这家店关门了，这让她和亨利大吃一惊。她联系了店主，但还没收到回复。亨利和他的表妹最后去了莉莉家，但那里的气氛不一样。,85,74,11,1.1486486486486487,direct_all_models_100samples_seed42_results.json,direct
Gemma,gemma4:e4b,47,亨利和茱莉亚谈论了常去的那家咖啡馆“Kohaku”，得知它可能永久关闭，让两人感到遗憾。茱莉亚提到她尝试联系店主但未获回复。最后，她们比较了另一家咖啡馆Lilly's，并讨论了其他替代选择，但亨利对人多的地方不感兴趣。,茱莉亚上周去了考文特花园附近的kohaku咖啡馆，但现在这家店关门了，这让她和亨利大吃一惊。她联系了店主，但还没收到回复。亨利和他的表妹最后去了莉莉家，但那里的气氛不一样。,88,74,14,1.1891891891891893,direct_all_models_100samples_seed42_results.json,direct
QWEN,qwen3.5:9b,47,亨利和朱莉娅讨论 Covent Garden 附近的 Kohaku 咖啡馆已永久关闭，推测因租金过高。两人虽遗憾失去这家热门景点区的宝藏店并期待其重开或搬迁至近处，但最后去了 Lily's，认为氛围不同；朱莉娅建议去日本中心品尝类似甜点，亨利则担心那里游客过多、拥挤不堪而不愿前往。,茱莉亚上周去了考文特花园附近的kohaku咖啡馆，但现在这家店关门了，这让她和亨利大吃一惊。她联系了店主，但还没收到回复。亨利和他的表妹最后去了莉莉家，但那里的气氛不一样。,107,74,33,1.445945945945946,direct_all_models_100samples_seed42_results.json,direct
Aya-Expanse,aya-expanse:8b,48,汤姆问卡米拉是否去过都柏林，卡米拉表示从未去过爱尔兰。汤姆提议周末去都柏林，持续两天，因为天气预报很好。卡米拉赞同汤姆的疯狂想法，并表示支持。汤姆说他会买票。,卡米拉和汤姆这个周末要去都柏林。,71,15,56,4.733333333333333,direct_all_models_100samples_seed42_results.json,direct
Gemma,gemma4:e4b,48,汤姆提议周末去都柏林，卡米拉虽然一开始有些惊讶但最终同意了，并让汤姆购买车票。,卡米拉和汤姆这个周末要去都柏林。,36,15,21,2.4,direct_all_models_100samples_seed42_results.json,direct
QWEN,qwen3.5:9b,48,汤姆提议周末去都柏林旅行两天，因天气预报良好且得到卡米拉的喜爱与支持，最终由他购买车票。,卡米拉和汤姆这个周末要去都柏林。,41,15,26,2.7333333333333334,direct_all_models_100samples_seed42_results.json,direct
Aya-Expanse,aya-expanse:8b,49,梅根问纳森是否收到杰森的消息，因为杰森今天缺课。纳森解释说杰森有牙医预约。梅根感谢他的信息。,杰森今天约了牙医，所以他没来。,42,13,29,3.230769230769231,direct_all_models_100samples_seed42_results.json,direct
Gemma,gemma4:e4b,49,梅根询问杰森的消息，得知他今天缺席了。苏西告知是因为有牙科预约，梅根表示感谢。,杰森今天约了牙医，所以他没来。,35,13,22,2.6923076923076925,direct_all_models_100samples_seed42_results.json,direct
QWEN,qwen3.5:9b,49,梅根询问杰森的消息，得知他今天缺席是因为牙医预约后表示感谢。,杰森今天约了牙医，所以他没来。,28,13,15,2.1538461538461537,direct_all_models_100samples_seed42_results.json,direct
Aya-Expanse,aya-expanse:8b,50,"艾利：到目前为止你做了多少？
吉尔：大概20到30个。
吉尔：我每天最多只能做3到4个。
艾利：每天几小时？
吉尔：可能40个小时，或者35个小时……
艾利：好吧，我也是这样。",到目前为止，吉尔做了20或30次，每天3-4次，35或40小时，所以和艾丽一样。,64,30,34,2.1333333333333333,direct_all_models_100samples_seed42_results.json,direct
Gemma,gemma4:e4b,50,两人交流了各自的工作量和工作时长，大致在20到30个左右，每天能完成的量有限制，工时大约是35到40小时。,到目前为止，吉尔做了20或30次，每天3-4次，35或40小时，所以和艾丽一样。,45,30,15,1.5,direct_all_models_100samples_seed42_results.json,direct
QWEN,qwen3.5:9b,50,艾莉询问进度，吉尔表示已完成约二十到三十个，每天最多只能做三四个。当被问及耗时时，吉尔回答大约四十小时或三十五小时左右，艾莉回应自己情况相同。,到目前为止，吉尔做了20或30次，每天3-4次，35或40小时，所以和艾丽一样。,65,30,35,2.1666666666666665,direct_all_models_100samples_seed42_results.json,direct
Aya-Expanse,aya-expanse:8b,51,詹姆斯告诉米娅，他们的哲学讲师正在举办一场艺术展览，明天开幕。米娅对这个消息感到惊讶，但表示也想去看看。詹姆斯提议他们一起去，并邀请阿美利亚一起参加。米娅有些犹豫，因为她不了解阿美利亚，但詹姆斯安抚她，保证阿美利亚很随和。他们计划明天同时去展览和电影院，之后到詹姆斯家聚会。米娅表示同意，两人确认没有问题。,詹姆斯和米娅明天想去看艺术展。詹姆斯想让阿米莉亚和他们一起去，但米娅不确定阿米莉亚去不去。之后詹姆斯和米娅会去他家。,138,54,84,2.5555555555555554,direct_all_models_100samples_seed42_results.json,direct
Gemma,gemma4:e4b,51,詹姆斯告诉米娅，哲学课的讲师阿米莉亚推荐了一个明天开幕的艺术展。尽管米娅对这个组合感到惊讶，但她最终表示愿意去参观，并同意了詹姆斯提议的行程安排（包括看展览和电影）。詹姆斯随后向米娅保证，邀请阿米莉亚并不意味着他不重视两人独处的时光，双方都确认了接下来的计划。,詹姆斯和米娅明天想去看艺术展。詹姆斯想让阿米莉亚和他们一起去，但米娅不确定阿米莉亚去不去。之后詹姆斯和米娅会去他家。,120,54,66,2.2222222222222223,direct_all_models_100samples_seed42_results.json,direct
QWEN,qwen3.5:9b,51,詹姆斯告知米娅，艾米莉亚推荐去看一位讲授伦理学的哲学教授的艺术展，展览将于明日开幕。尽管米娅起初对与不太熟悉的艾米莉亚同行感到些许压力并担心这会影响两人独处时光，但詹姆斯解释邀请她并非不珍视二人世界，只是希望三人一同前往；他承诺之后会带她们回自己家共度亲密时光。最终米娅表示理解并接受安排，确认一切妥当。,詹姆斯和米娅明天想去看艺术展。詹姆斯想让阿米莉亚和他们一起去，但米娅不确定阿米莉亚去不去。之后詹姆斯和米娅会去他家。,143,54,89,2.6481481481481484,direct_all_models_100samples_seed42_results.json,direct
Aya-Expanse,aya-expanse:8b,52,玛丽安娜询问斯蒂芬的研讨会下一次会议的阅读材料是否在打印店。丽塔和查英没有确切信息，亚瑟确认周一材料未到位且工作人员态度恶劣。丽塔将于第二天早上前往并告知大家材料是否准备就绪，她会请求加印更多。亚瑟和查英表示不介意。,彩英和亚瑟通知玛丽安娜，史蒂芬研讨会下一次要用的阅读资料周一在印刷店拿不到。丽塔决定明天去看看，如果情况有变，她会让所有人都知道的。,102,61,41,1.6721311475409837,direct_all_models_100samples_seed42_results.json,direct
Gemma,gemma4:e4b,52,玛丽安询问史蒂芬研讨会下一期的阅读材料是否在打印店，里塔不确定。车英和亚瑟证实周一去时材料不在，且工作人员态度依然差。里塔表示第二天早上会去确认材料是否到，并帮忙要求多印一些，大家对此表示感谢。,彩英和亚瑟通知玛丽安娜，史蒂芬研讨会下一次要用的阅读资料周一在印刷店拿不到。丽塔决定明天去看看，如果情况有变，她会让所有人都知道的。,90,61,29,1.4754098360655739,direct_all_models_100samples_seed42_results.json,direct
QWEN,qwen3.5:9b,52,Mariana 询问 Stephen 研讨会的下次阅读材料是否已在印刷店。Chae-yeong 和 Arthur 确认周一时材料尚未到位且店员态度不佳，Mariana 表示理解。Rita 计划明天上午去查看并告知结果；她无法立即购买现有库存，但会要求多印一些以备后用。大家同意只要 Rita 通知即可，这已是很大的帮助了。,彩英和亚瑟通知玛丽安娜，史蒂芬研讨会下一次要用的阅读资料周一在印刷店拿不到。丽塔决定明天去看看，如果情况有变，她会让所有人都知道的。,105,61,44,1.721311475409836,direct_all_models_100samples_seed42_results.json,direct
Aya-Expanse,aya-expanse:8b,53,有个人在校园被打和抢，正在医院恢复。攻击者戴着面具，警方将发布官方声明并发表报纸文章。大家猜测攻击者可能是学生，甚至可能只是为了好玩。尽管校园有监控摄像头，但安全卫士效率不高。希望犯罪分子能尽快被捕。,有人在校园里遭到殴打和抢劫，不得不住院治疗。袭击者戴着面具。官方声明会和新闻报道一起发出。杜鲁门和罗德尼都认为尽管周围有摄像头，但校园安保不达标。,91,67,24,1.3582089552238805,direct_all_models_100samples_seed42_results.json,direct
Gemma,gemma4:e4b,53,有人在校园内遭到殴打和抢劫，伤者已住院但预计无碍。目前警方尚未查明凶手身份，目击者只知道嫌犯戴了面具。大家猜测这可能是学生所为，并讨论了安保监控的有效性，最后希望尽快抓到人。,有人在校园里遭到殴打和抢劫，不得不住院治疗。袭击者戴着面具。官方声明会和新闻报道一起发出。杜鲁门和罗德尼都认为尽管周围有摄像头，但校园安保不达标。,80,67,13,1.1940298507462686,direct_all_models_100samples_seed42_results.json,direct
QWEN,qwen3.5:9b,53,罗伊尼询问是否有人在校内遭殴打和抢劫，特鲁曼关心伤者情况。罗斯想知道嫌疑人身份，得知袭击者戴了面具且受害者已送医但无大碍。众人猜测可能是学生所为，尽管校园有监控，但若戴口罩仍可规避检测；他们提到安保人员态度冷漠，最后希望尽快抓获凶手。,有人在校园里遭到殴打和抢劫，不得不住院治疗。袭击者戴着面具。官方声明会和新闻报道一起发出。杜鲁门和罗德尼都认为尽管周围有摄像头，但校园安保不达标。,108,67,41,1.6119402985074627,direct_all_models_100samples_seed42_results.json,direct
Aya-Expanse,aya-expanse:8b,54,Javier 问 Judie 是否知道当地有没有英语服务的老板纹身店。Judie 推荐了“Warsaw Ink”，并展示了他女朋友在那里纹身的照片。Javier 很喜欢，但考虑到价格是1000，决定还是回哥伦比亚纹身。,哈维尔最初很想在warsaw ink纹身，但价格太高了。他决定去哥伦比亚做纹身。,67,29,38,2.310344827586207,direct_all_models_100samples_seed42_results.json,direct
Gemma,gemma4:e4b,54,贾维尔询问了当地是否有说英语的纹身店，朱迪推荐了“Warsaw Ink”，并展示了女友在那儿纹身的照片。贾维尔对效果很满意，但得知价格是1000后感到震惊，最终决定回哥伦比亚纹身。,哈维尔最初很想在warsaw ink纹身，但价格太高了。他决定去哥伦比亚做纹身。,71,29,42,2.4482758620689653,direct_all_models_100samples_seed42_results.json,direct
QWEN,qwen3.5:9b,54,贾维尔询问是否有提供英语服务的纹身店，朱迪推荐了 Warsaw Ink。虽然她本人未做过，但女友曾在那里纹过并分享了照片，贾维尔称赞效果很棒却对 1000 美元的价格感到震惊，因此决定回哥伦比亚再纹一个。,哈维尔最初很想在warsaw ink纹身，但价格太高了。他决定去哥伦比亚做纹身。,82,29,53,2.8275862068965516,direct_all_models_100samples_seed42_results.json,direct
Aya-Expanse,aya-expanse:8b,55,Zoe 发了一张冷天鼓励的GIF给朋友们，并询问他们的健康状况。Thomas回复说他们在热带地区，晚上温度降至-3度，早上有白霜。他们周末在冰风中爬上了Belchen山顶，享受了阳光明媚和意外的晒黑。Zoe表示很漂亮，但希望暂时避开这样的天气。他们约定很快联系。,托马斯住的地方晚上的温度是零下3摄氏度。早晨有霜。佐伊在热带。托马斯星期天在贝尔钦峰附近散步。,102,43,59,2.372093023255814,direct_all_models_100samples_seed42_results.json,direct
Gemma,gemma4:e4b,55,佐伊和托马斯寒暄问候，分享了各自的近况。托马斯分享了当地天气和一次在贝尔申山顶徒步的照片，佐伊称赞了美景，并表示自己暂时无法欣赏这样的景色。两人互相道晚安，保持联系。,托马斯住的地方晚上的温度是零下3摄氏度。早晨有霜。佐伊在热带。托马斯星期天在贝尔钦峰附近散步。,76,43,33,1.7674418604651163,direct_all_models_100samples_seed42_results.json,direct
QWEN,qwen3.5:9b,55,佐伊向朋友们分享了一张在寒冷日子里令人振奋的图片，托马斯则从热带地区回应问候。他提到当地夜间气温降至零下三度，清晨有白霜，并展示了周日在贝尔琴山顶迎着寒风和阳光散步的照片，甚至晒了日光浴。两人互相称赞景色美丽，约定不久后联系，并互道保重。,托马斯住的地方晚上的温度是零下3摄氏度。早晨有霜。佐伊在热带。托马斯星期天在贝尔钦峰附近散步。,110,43,67,2.558139534883721,direct_all_models_100samples_seed42_results.json,direct
Aya-Expanse,aya-expanse:8b,56,艾米丽问下一次ASEEES会议将在哪里举行。乔伊表示不知道，但这是一个好问题。詹姆斯听说过在加利福尼亚，具体是旧金山。乔伊希望会议能去夏威夷，但詹姆斯认为由于1993年最后一次在那里举行的会议因交通费用高而受到批评，未来可能不会太快实现。,詹姆斯通知说下一届aseees会议将在旧金山举行。克洛伊希望去夏威夷，詹姆斯认为不会去夏威夷举办会议，因为交通费用太高昂了。,103,53,50,1.9433962264150944,direct_all_models_100samples_seed42_results.json,direct
Gemma,gemma4:e4b,56,大家讨论了下一次ASEEES会议的地点，詹姆斯提到可能在加州旧金山。克洛伊表示希望是在夏威夷，但詹姆斯解释说上次在夏威夷（1993年）因旅行成本过高而受到批评，所以短期内不太可能。,詹姆斯通知说下一届aseees会议将在旧金山举行。克洛伊希望去夏威夷，詹姆斯认为不会去夏威夷举办会议，因为交通费用太高昂了。,75,53,22,1.4150943396226414,direct_all_models_100samples_seed42_results.json,direct
QWEN,qwen3.5:9b,56,艾米丽询问下一届 ASEEES 会议的地点，詹姆斯表示听说在加州旧金山。克洛伊虽觉得不错但更希望是夏威夷；詹姆斯解释称上次在该地举办的会议因高昂的旅行费用受到批评，因此短期内不太可能再次选址那里。,詹姆斯通知说下一届aseees会议将在旧金山举行。克洛伊希望去夏威夷，詹姆斯认为不会去夏威夷举办会议，因为交通费用太高昂了。,86,53,33,1.6226415094339623,direct_all_models_100samples_seed42_results.json,direct
Aya-Expanse,aya-expanse:8b,57,罗布发起“离沙发挑战”，计划每天进行30分钟的运动。格雷格支持他，建议至少60分钟。威尔鼓励罗布保持现实，不要太苛刻。安娜也加入挑战，表示30分钟的运动是合理的。格雷格建议选择自己喜欢的运动，如步行、骑行或游泳等。安娜表示需要大家的支持。,罗伯想开始每天做30分钟的体育运动。格雷格已经做了60分钟。安娜想像罗伯一样开始锻炼。,102,38,64,2.6842105263157894,direct_all_models_100samples_seed42_results.json,direct
Gemma,gemma4:e4b,57,Rob提议发起“离开沙发挑战”，计划每天活动30分钟。Greg认为应该至少达到60分钟，Will建议循序渐进更实际，Anna表示愿意参与30分钟的计划，Greg提醒大家要注意运动多样性，Anna则表示需要大家的鼓励和支持。,罗伯想开始每天做30分钟的体育运动。格雷格已经做了60分钟。安娜想像罗伯一样开始锻炼。,82,38,44,2.1578947368421053,direct_all_models_100samples_seed42_results.json,direct
QWEN,qwen3.5:9b,57,Rob提议每天进行30分钟运动的“离开沙发挑战”，Greg建议至少60分钟，Will鼓励他设定现实目标。Anna加入挑战并寻求大家的支持，Greg还建议大家选择自己喜欢的多样化运动方式如散步、骑行或游泳等。,罗伯想开始每天做30分钟的体育运动。格雷格已经做了60分钟。安娜想像罗伯一样开始锻炼。,79,38,41,2.0789473684210527,direct_all_models_100samples_seed42_results.json,direct
Aya-Expanse,aya-expanse:8b,58,布克尔提醒沃克带上Xbox游戏机。沃克认为布克尔不喜欢这款游戏机，但提到它的握持感很棒。布克尔笑着同意了。沃克决定也带一个。他们计划通宵玩游戏。,沃克和布克计划整晚玩游戏。沃克会把布克想要的xbox游戏机带来。,63,27,36,2.3333333333333335,direct_all_models_100samples_seed42_results.json,direct
Gemma,gemma4:e4b,58,博克提醒沃커带上Xbox主机，尽管之前似乎不喜欢，但沃커称赞了手柄的抓握感，两人决定彻夜游戏。,沃克和布克计划整晚玩游戏。沃克会把布克想要的xbox游戏机带来。,40,27,13,1.4814814814814814,direct_all_models_100samples_seed42_results.json,direct
QWEN,qwen3.5:9b,58,布克提醒沃克别忘了带 Xbox 主机，尽管沃克曾以为他不喜欢那款手柄手感极佳的主机。两人最终决定通宵玩游戏，沃克同意携带一台前往。,沃克和布克计划整晚玩游戏。沃克会把布克想要的xbox游戏机带来。,56,27,29,2.074074074074074,direct_all_models_100samples_seed42_results.json,direct
Aya-Expanse,aya-expanse:8b,59,马里奥今天飞遍了欧洲所有机场，感到非常疲惫。他目前在卢森堡等待。埃迪鼓励他享受旅程。莫说这是因为马里奥喜欢飞行。天气良好，否则他可能不得不乘坐火车旅行。莫提醒马里奥注意安全。马里奥也向莫表示感谢。,马里奥正在卢森堡的机场候机。,89,13,76,6.846153846153846,direct_all_models_100samples_seed42_results.json,direct
Gemma,gemma4:e4b,59,马里奥今天在欧洲的各个机场转了一圈，现在在卢森堡。大家祝他玩得开心，并提醒他注意安全。,马里奥正在卢森堡的机场候机。,39,13,26,3.0,direct_all_models_100samples_seed42_results.json,direct
QWEN,qwen3.5:9b,59,马里奥今天飞遍了欧洲所有机场，现已抵达卢森堡等待。尽管飞行条件良好让他得以遍访各地，但他因过度劳累而疲惫不堪；朋友们叮嘱他注意安全并祝旅途愉快。,马里奥正在卢森堡的机场候机。,67,13,54,5.153846153846154,direct_all_models_100samples_seed42_results.json,direct
Aya-Expanse,aya-expanse:8b,60,约翰问今天有没有练习，马特回答说应该有。约翰高兴地表示感谢并约定在练习时见，马特回复了“见”。,约翰不确定今天是否有训练，但马特说有。,41,17,24,2.411764705882353,direct_all_models_100samples_seed42_results.json,direct
Gemma,gemma4:e4b,60,约翰询问今天是否有练习，麦特确认有，两人道别。,约翰不确定今天是否有训练，但马特说有。,20,17,3,1.1764705882352942,direct_all_models_100samples_seed42_results.json,direct
QWEN,qwen3.5:9b,60,约翰询问今天是否有训练，马特确认大概有。约翰表示感谢并约定届时见，两人互相道别。,约翰不确定今天是否有训练，但马特说有。,36,17,19,2.1176470588235294,direct_all_models_100samples_seed42_results.json,direct
Aya-Expanse,aya-expanse:8b,61,亚历克斯请马丁买牛奶，马丁刚买了两天前。亚历克斯说最近想喝牛奶。马丁表示因为要完成项目，两小时后会给她买。亚历克斯称他为英雄。,马丁完成计划后将给亚历克斯买两瓶牛奶。,57,18,39,3.1666666666666665,direct_all_models_100samples_seed42_results.json,direct
Gemma,gemma4:e4b,61,亚历克斯让马丁买牛奶，马丁抱怨刚买过，但最终还是答应了，并称赞了他。,马丁完成计划后将给亚历克斯买两瓶牛奶。,30,18,12,1.6666666666666667,direct_all_models_100samples_seed42_results.json,direct
QWEN,qwen3.5:9b,61,亚历克斯请求马丁买牛奶，马丁表示昨天刚买了两瓶。亚历克斯承认自己只是最近特别想喝，并感谢马丁的爱让他很快就能拿到新买的牛奶，因为马丁需要先完成项目。亚历克斯称赞马丁是她的英雄。,马丁完成计划后将给亚历克斯买两瓶牛奶。,82,18,64,4.555555555555555,direct_all_models_100samples_seed42_results.json,direct
Aya-Expanse,aya-expanse:8b,62,布莱尔和查克计划在下班后见婚礼策划师，地点在非娜丽塔餐厅。查克想点这里的海鲜意面，但他们也记得上次见黛安时那场令人难忘的番茄酱灾难，两人不禁发笑。,布莱尔和恰克下班后要去诺娜·丽塔餐厅见婚礼策划人。诺娜·丽塔餐厅供应的意大利面条非常好。,68,40,28,1.7,direct_all_models_100samples_seed42_results.json,direct
Gemma,gemma4:e4b,62,两人提醒对方下班后要见婚礼策划师，地点在Nonna Rita。查克开玩笑地询问是否可以点海鲜意大利面，并提到了上次和黛安会面时弄脏了她的经历。,布莱尔和恰克下班后要去诺娜·丽塔餐厅见婚礼策划人。诺娜·丽塔餐厅供应的意大利面条非常好。,59,40,19,1.475,direct_all_models_100samples_seed42_results.json,direct
QWEN,qwen3.5:9b,62,布莱尔和查克计划下班后去 Nonna Rita's 见婚礼策划师，查克想点海鲜宽面而非仅喝咖啡；两人还调侃上次与黛安见面时因番茄意面弄脏了对方白衬衫的尴尬经历。,布莱尔和恰克下班后要去诺娜·丽塔餐厅见婚礼策划人。诺娜·丽塔餐厅供应的意大利面条非常好。,65,40,25,1.625,direct_all_models_100samples_seed42_results.json,direct
Aya-Expanse,aya-expanse:8b,63,"科尔：嘿，室友（笑）
路易斯：我们可是在同一间房间啊！
科尔：哈哈，有趣。
路易斯：唉，不要来要我的枕头了。
科尔：来，说说吧。
路易斯：不，我不会通过短信和你这种人说话——他正坐在我旁边几英寸远。
科尔：（笑）",科尔和路易斯坐在同一个房间里，却在发短信。,77,19,58,4.052631578947368,direct_all_models_100samples_seed42_results.json,direct
Gemma,gemma4:e4b,63,科尔和路易斯在同一个房间里开玩笑，科尔让路易斯把枕头递过来，但路易斯要求科尔当面说。两人随后互相调侃，气氛轻松。,科尔和路易斯坐在同一个房间里，却在发短信。,51,19,32,2.6842105263157894,direct_all_models_100samples_seed42_results.json,direct
QWEN,qwen3.5:9b,63,科尔和路易斯在同一个房间里，科尔开玩笑说室友很搞笑并索要枕头。路易斯拒绝回应，表示不愿给近在咫尺的“白痴”发短信，两人因此展开了一段幽默的互怼。,科尔和路易斯坐在同一个房间里，却在发短信。,65,19,46,3.4210526315789473,direct_all_models_100samples_seed42_results.json,direct
Aya-Expanse,aya-expanse:8b,64,达米安告诉雅各布和梅森，切尔西队比赛中的希瓜因两度得分让他非常高兴。尽管对手是排名靠后的胡德尼特队，但这终于是一次积极的转变。雅各布认为这可能不是转折点，而梅森则表示胡德尼特队水平很低。达米安仍保持乐观，希望这能成为球队的转机。,切尔西今天下午赢了哈德斯菲尔德的一场比赛。伊瓜因两度得分。达米安很高兴，他希望这将是切尔西的转折点。,106,46,60,2.3043478260869565,direct_all_models_100samples_seed42_results.json,direct
Gemma,gemma4:e4b,64,大家聊了切尔西的比赛，达米安因为球员希瓜因打进两球而很高兴，认为这是球队的一个积极转折点；雅各布和梅森对此持保留态度。,切尔西今天下午赢了哈德斯菲尔德的一场比赛。伊瓜因两度得分。达米安很高兴，他希望这将是切尔西的转折点。,55,46,9,1.1956521739130435,direct_all_models_100samples_seed42_results.json,direct
QWEN,qwen3.5:9b,64,戴米安询问大家是否观看了切尔西的比赛，雅各布和梅森表示没看。戴米安兴奋地提到伊瓜因梅开二度，认为这是球队的一个积极转折点，尽管对手赫尔城表现糟糕。然而，雅各布对此持怀疑态度，而梅森则半开玩笑地祝他好运。,切尔西今天下午赢了哈德斯菲尔德的一场比赛。伊瓜因两度得分。达米安很高兴，他希望这将是切尔西的转折点。,93,46,47,2.0217391304347827,direct_all_models_100samples_seed42_results.json,direct
Aya-Expanse,aya-expanse:8b,65,马伦恩即将去城镇，建议巴里为丽塔挑选礼物。巴里没有想法，马伦恩在凯瑟商店看到了丝绸围巾，并发了照片给巴里。巴里建议选择带有黄色图案的围巾，因为丽塔喜欢黄色。马伦恩表示那是五件中最贵的一件，价格为39欧。巴里觉得不贵，同意以50/50的价格购买。,玛伦半小时后就要去镇上了。她将给丽塔买一件礼物——凯泽的带黄色花纹的丝巾。它的售价为39，巴利和玛伦一人出一半钱。,107,50,57,2.14,direct_all_models_100samples_seed42_results.json,direct
Gemma,gemma4:e4b,65,玛琳临走前，让巴里帮忙为丽塔挑选礼物。两人在凯撒的看到丝巾后，最终选定了黄色图案的、最贵的丝巾，并商定各付一半的费用。,玛伦半小时后就要去镇上了。她将给丽塔买一件礼物——凯泽的带黄色花纹的丝巾。它的售价为39，巴利和玛伦一人出一半钱。,53,50,3,1.06,direct_all_models_100samples_seed42_results.json,direct
QWEN,qwen3.5:9b,65,马琳半小时后去城里，询问巴里是否有给丽塔的礼物建议。巴里没有主意，让马琳决定。马琳在凯撒百货看到漂亮的丝绸方巾并发送照片，巴里选中黄色图案的款式（因丽塔喜爱黄色），价格 39 元。两人同意各付一半购买。,玛伦半小时后就要去镇上了。她将给丽塔买一件礼物——凯泽的带黄色花纹的丝巾。它的售价为39，巴利和玛伦一人出一半钱。,88,50,38,1.76,direct_all_models_100samples_seed42_results.json,direct
Aya-Expanse,aya-expanse:8b,66,昨天发生了点事，布鲁克让盖尔回来看看。盖尔问情况严重吗？布鲁克建议他回家。盖尔说马上就到。,布鲁克要盖尔过来看看昨天发生了什么。,40,17,23,2.3529411764705883,direct_all_models_100samples_seed42_results.json,direct
Gemma,gemma4:e4b,66,布鲁克让盖尔来看她，说昨天发生了一些事，盖尔询问是否严重，并表示正在前往。,布鲁克要盖尔过来看看昨天发生了什么。,33,17,16,1.9411764705882353,direct_all_models_100samples_seed42_results.json,direct
QWEN,qwen3.5:9b,66,布鲁克告知盖尔昨天发生了事，让他赶紧回家看看。盖尔询问是否严重后表示正在赶回去的路上。,布鲁克要盖尔过来看看昨天发生了什么。,40,17,23,2.3529411764705883,direct_all_models_100samples_seed42_results.json,direct
Aya-Expanse,aya-expanse:8b,67,"米莱娜：演讲怎么样？
凯特：很好。
雷吉娜：是的，我们收到了积极的反馈。
米莱娜：你有多少人来听你的演讲？
雷吉娜：三个人，但我们知道会是一个温馨、友好的氛围。
米莱娜：有时候一个小但热情的观众比无聊的人群要好。
凯特：完全同意。",凯特、米丽娜和里贾娜的演讲进行得很顺利，三个人来听他们的演讲。,92,28,64,3.2857142857142856,direct_all_models_100samples_seed42_results.json,direct
Gemma,gemma4:e4b,67,大家讨论了展示效果，认为反馈很好。关于听众人数，Regina提到只有三个人，但大家都觉得气氛很温馨友好，Milena和Kate都同意小而有兴趣的观众比一群无聊的人更好。,凯特、米丽娜和里贾娜的演讲进行得很顺利，三个人来听他们的演讲。,65,28,37,2.3214285714285716,direct_all_models_100samples_seed42_results.json,direct
QWEN,qwen3.5:9b,67,米莱娜询问凯特和瑞吉娜的演示效果，两人反馈良好且收到积极评价。尽管只有三位听众在场，但小规模的互动氛围更亲切友好；米莱娜认为专注的小众观众胜过无聊的大众，凯特表示赞同。,凯特、米丽娜和里贾娜的演讲进行得很顺利，三个人来听他们的演讲。,78,28,50,2.7857142857142856,direct_all_models_100samples_seed42_results.json,direct
Aya-Expanse,aya-expanse:8b,68,杰克刚抽中了本年的首张“TOTW”卡。他计划在尝试过几场比赛后出售，因为该球员不适合他的阵容。汤姆表示今年运气不佳，没有抽到优秀球员。杰克安慰他说，作为游戏高手，他不需要帮助。,杰克今年拿到了第一个totw ，汤姆的团队并不出色。,75,20,55,3.75,direct_all_models_100samples_seed42_results.json,direct
Gemma,gemma4:e4b,68,杰克抽到了本年度第一个TOTW，打算在一两个比赛中使用看看，但觉得他不太适合自己的队伍。汤姆祝贺并建议他卖掉，说他会有足够的金币购买合适的球员。两人聊到运气，汤姆抱怨今年的抽卡运气很差，而杰克则开玩笑地夸赞了汤姆的游戏水平。,杰克今年拿到了第一个totw ，汤姆的团队并不出色。,101,20,81,5.05,direct_all_models_100samples_seed42_results.json,direct
QWEN,qwen3.5:9b,68,杰克今年首次抽到 TOTW 球员，打算试用一两次后出售，因为该球员不适合他的阵容；汤姆祝贺他并调侃自己今年运气不佳未抽中好卡。两人随后开玩笑说汤姆游戏技术很好不需要帮助，而汤姆则幽默地表示自己喜欢闪闪发光的卡片。,杰克今年拿到了第一个totw ，汤姆的团队并不出色。,95,20,75,4.75,direct_all_models_100samples_seed42_results.json,direct
Aya-Expanse,aya-expanse:8b,69,"卡丝：亲爱的，你生日卡片和钱收到了吗？

乔丹：嗨，奶奶！谢谢20英镑。对不起，我没提前打电话给你。

卡丝：你还是喜欢托马斯小火车吧？我特意挑的。

乔丹：是的，奶奶。我永远爱他！下次，给我买一个足球主题的吧？我现在11岁了！

卡丝：我知道，你长得很快。爱你！

乔丹：爱你，奶奶！",凯斯送给外孙乔丹20英镑和一张生日卡，作为他11岁生日的礼物。,105,27,78,3.888888888888889,direct_all_models_100samples_seed42_results.json,direct
Gemma,gemma4:e4b,69,卡斯询问乔丹是否按时收到了生日卡和钱。乔丹感谢了卡斯的20英镑，并为没有提前打电话道歉。卡斯提到特意挑选了乔丹喜欢的“汤姆火车”，乔丹表示依然喜欢，并开玩笑地要求下次买足球主题的礼物，因为他现在已经11岁了。两人互相表达了爱意。,凯斯送给外孙乔丹20英镑和一张生日卡，作为他11岁生日的礼物。,102,27,75,3.7777777777777777,direct_all_models_100samples_seed42_results.json,direct
QWEN,qwen3.5:9b,69,卡丝询问乔丹是否及时收到了生日卡片和钱，并送了他喜欢的托马斯小火车。乔丹感谢了 20 英镑的礼物，表示依然喜爱托马斯但已十一岁想换足球玩具，两人互道爱意。,凯斯送给外孙乔丹20英镑和一张生日卡，作为他11岁生日的礼物。,69,27,42,2.5555555555555554,direct_all_models_100samples_seed42_results.json,direct
Aya-Expanse,aya-expanse:8b,70,凯利想先回答问题。杰西卡分享了她在意大利巴勒莫的经历，提到那里有著名的卡普奇尼地下墓穴，里面有8000具尸体。她描述道，这些尸体被展示在像博物馆展品一样，大部分穿着衣服，只有头骨和手。米基和奥利对这个故事感到兴奋，决定记下来。,对杰西卡来说，最恐怖的地方是巴勒莫的僧帽猴地下墓穴。,100,24,76,4.166666666666667,direct_all_models_100samples_seed42_results.json,direct
Gemma,gemma4:e4b,70,凯莉让杰西卡提问，关于“最可怕的地方”。杰西卡以意大利巴勒莫的修道院墓穴开场，提到那里有八千具尸体，可以像博物馆展品一样观看。奥利和米奇对此感到非常惊讶和兴奋。,对杰西卡来说，最恐怖的地方是巴勒莫的僧帽猴地下墓穴。,72,24,48,3.0,direct_all_models_100samples_seed42_results.json,direct
QWEN,qwen3.5:9b,70,凯莉想先提问，她问大家去过最可怕的地方是哪里。杰西卡回答说是意大利的巴勒莫，因为那里有藏有 8000 具尸体的加普钦纳墓穴，尸体像博物馆展品一样展出，大多穿着衣服，只露出头骨和手。奥利对能看骨头很感兴趣，但杰西卡表示大部分是覆盖着的。米奇觉得这个经历太珍贵了，要记下来，奥利也同意。,对杰西卡来说，最恐怖的地方是巴勒莫的僧帽猴地下墓穴。,124,24,100,5.166666666666667,direct_all_models_100samples_seed42_results.json,direct
Aya-Expanse,aya-expanse:8b,71,"西蒙和查理讨论了欧盟的移民政策对欧洲各国安全的影响。他们分析了德国、比利时和巴黎在节日期间采取的安全措施，同时强调波兰作为最后一个未受到无控制移民和恐怖主义影响的国家的独特地位。

西蒙认为波兰有机会在经济上落后几十年，但也可以避免其他西方国家犯下的错误，快速发展。他赞扬波兰人民捍卫价值观和利益的意志，并预测未来波兰可能成为欧洲内部解决问题的主要力量。

查理则担忧波兰内部冲突的风险，但两人都希望波兰能度过难关，享受一个安宁的圣诞节。",西蒙和查理钦佩波兰的反移民政策和捍卫自身价值观和利益的方式。,203,29,174,7.0,direct_all_models_100samples_seed42_results.json,direct
Gemma,gemma4:e4b,71,两人讨论了欧洲当前的局势，认为欧盟的移民政策降低了公民安全水平。他们以柏林、比利时和巴黎等地发生的治安问题为例，对比波兰相对稳定，并认为波兰有机会在不重蹈西方国家覆辙的情况下快速发展。尽管有人担忧内部冲突，但双方都对波兰人民的抵抗精神表示钦佩，并预测未来波兰有潜力成为欧洲一股力量。,西蒙和查理钦佩波兰的反移民政策和捍卫自身价值观和利益的方式。,132,29,103,4.551724137931035,direct_all_models_100samples_seed42_results.json,direct
QWEN,qwen3.5:9b,71,西蒙和查理讨论欧盟移民政策带来的安全隐患，指出柏林、比利时和巴黎已出现安全措施升级与社会动荡，而波兰因经济滞后反而暂时避免了这些问题。两人认为波兰若能坚持自身价值观并快速发展，将有机会纠正西方国家的错误；但同时也担忧外部压力可能导致国家分裂或边缘化。尽管存在风险，他们仍赞赏波兰人的坚韧精神，并希望未来只有波兰能解决欧洲内部问题，最终祝愿在波兰过圣诞节是欧洲最好的选择。,西蒙和查理钦佩波兰的反移民政策和捍卫自身价值观和利益的方式。,174,29,145,6.0,direct_all_models_100samples_seed42_results.json,direct
Aya-Expanse,aya-expanse:8b,72,Ed 认为性行为仅限已婚夫妇，并严厉批评其他人的观点。Valerie 和 Chris 反驳说，即使是传统任务式性行为也并非绝对正确。Lor 幽默地表示，如果不遵守这些规则，在来世可能会感到内疚。Atnee 和 Jessica 支持 Ed 的观点，认为性行为的唯一目的是生育。Matt 开玩笑地威胁要把Ed送入地狱。Ed 坚定地维护自己的立场，拒绝看其他男性。,艾德、瓦莱丽、里斯、罗、艾妮、杰西卡、马特都在嘲笑没有婚姻的性爱的罪恶。,126,29,97,4.344827586206897,direct_all_models_100samples_seed42_results.json,direct
Gemma,gemma4:e4b,72,大家围绕性行为的道德和目的展开了争论，从是否应该限制在已婚人士、是否必须是传教士式交合，到性爱的唯一目的是生育后，气氛轻松幽默。,艾德、瓦莱丽、里斯、罗、艾妮、杰西卡、马特都在嘲笑没有婚姻的性爱的罪恶。,59,29,30,2.0344827586206895,direct_all_models_100samples_seed42_results.json,direct
QWEN,qwen3.5:9b,72,这段对话中，Ed 认为性行为只应限于已婚夫妇且仅限传教士体位；Valerie 补充说若非此姿势更是双重罪过。Chris 调侃他们结婚后自便，Lor 警告若死后意识会因这些“非罪恶生活”而痛苦不堪。Atnee 劝 Ed 放松些，Jessica 则强调性唯一目的是生育而非享受。Ed 指责 Valerie 若从中取乐便是三重罪过，Matt 笑着回应称会在地狱见他们，Ed 最后表示自己连看其他男人的方向都不看一眼。,艾德、瓦莱丽、里斯、罗、艾妮、杰西卡、马特都在嘲笑没有婚姻的性爱的罪恶。,145,29,116,5.0,direct_all_models_100samples_seed42_results.json,direct
Aya-Expanse,aya-expanse:8b,73,"杰克：天啊！你在伦敦？！
迈克：（附照片）
迈克：是的，兄弟！梦想成真了！
杰克：酷！恭喜你！",迈克在伦敦。,30,5,25,6.0,direct_all_models_100samples_seed42_results.json,direct
Gemma,gemma4:e4b,73,杰克惊讶地发现麦克在伦敦，得知消息后祝贺他梦想成真。,迈克在伦敦。,24,5,19,4.8,direct_all_models_100samples_seed42_results.json,direct
QWEN,qwen3.5:9b,73,杰克惊讶地发现迈克在伦敦，迈克兴奋地表示梦想成真并分享了照片，杰克随即祝贺他。,迈克在伦敦。,36,5,31,7.2,direct_all_models_100samples_seed42_results.json,direct
Aya-Expanse,aya-expanse:8b,74,里奇和克莱讨论了波格巴的出色表现。里奇称赞波格巴的进球，并指出他在赛季中变得更加成熟。克莱同意，并认为波格巴值得在上半场后得到进球奖励。他们都对波格巴的表现感到高兴。,里奇和克莱看了一场非常精彩的足球比赛，一个足球运动员把球铲回自己的脚边，特别刺激。何塞信任那个球员。,77,46,31,1.673913043478261,direct_all_models_100samples_seed42_results.json,direct
Gemma,gemma4:e4b,74,两人都在讨论波格巴的精彩进球，并认为他本赛季更成熟了，也提到教练和队友都信任他。,里奇和克莱看了一场非常精彩的足球比赛，一个足球运动员把球铲回自己的脚边，特别刺激。何塞信任那个球员。,37,46,-9,0.8043478260869565,direct_all_models_100samples_seed42_results.json,direct
QWEN,qwen3.5:9b,74,里奇和克莱讨论博格巴的精彩进球，称赞其技术动作成熟且值得信任。两人认为他本赛季表现更沉稳，教练约瑟对他充满信心，并在前 60 分钟的表现后理应获得这个奖励。,里奇和克莱看了一场非常精彩的足球比赛，一个足球运动员把球铲回自己的脚边，特别刺激。何塞信任那个球员。,70,46,24,1.5217391304347827,direct_all_models_100samples_seed42_results.json,direct
Aya-Expanse,aya-expanse:8b,75,亚历克问艾丽莎是否看过最近的《美国达人秀》。艾丽莎没有看。亚历克发送了一个视频链接，但最初无法打开。经过一会儿，链接成功了。亚历克建议艾丽莎观看，并表示她会喜欢的。艾丽莎同意，并称赞那个女孩很棒。她表示希望自己年轻时有那女孩一半的技能。亚历克也认为那个女孩表现出色，甚至可能赢得该届比赛。艾丽莎问亚历克是否看过所有参赛者，亚历克回答是的，并表示他个人觉得那个女孩是最好的。艾丽莎希望她能获胜。,亚历克看到美国的达人秀，他发了个链接给亚莉克莎。,177,22,155,8.045454545454545,direct_all_models_100samples_seed42_results.json,direct
Gemma,gemma4:e4b,75,两人观看了《美国有才华》节目，并一致认为其中一位女选手非常出色，甚至觉得她很有可能赢得比赛。,亚历克看到美国的达人秀，他发了个链接给亚莉克莎。,41,22,19,1.8636363636363635,direct_all_models_100samples_seed42_results.json,direct
QWEN,qwen3.5:9b,75,亚历克斯和艾力克讨论了美国达人秀最新一季，艾力克分享了一个表演视频链接。两人一致认为那位年轻女孩才华横溢、表现惊人，甚至可能赢得本季的冠军。尽管艾力克表示还有其他不错的选手，但他个人最看好这位女孩获胜，而亚历克斯也对此感到高兴并期待她夺冠。,亚历克看到美国的达人秀，他发了个链接给亚莉克莎。,112,22,90,5.090909090909091,direct_all_models_100samples_seed42_results.json,direct
Aya-Expanse,aya-expanse:8b,76,"汉娜：你在看比赛吗？
詹姆斯：不，我要去工作。
汉娜：哦，好的。",詹姆斯要去上班，所以他不看比赛。,22,14,8,1.5714285714285714,direct_all_models_100samples_seed42_results.json,direct
Gemma,gemma4:e4b,76,汉娜问詹姆斯是否在看比赛，詹姆斯回复说他要去上班了。,詹姆斯要去上班，所以他不看比赛。,24,14,10,1.7142857142857142,direct_all_models_100samples_seed42_results.json,direct
QWEN,qwen3.5:9b,76,汉娜问詹姆斯是否在观看比赛，詹姆斯表示要去上班了，汉娜便回应知道了。,詹姆斯要去上班，所以他不看比赛。,31,14,17,2.2142857142857144,direct_all_models_100samples_seed42_results.json,direct
Aya-Expanse,aya-expanse:8b,77,"多尔夫：明天记得带护照。
齐格勒：好的，我会记住的。",在多尔夫的提醒下，齐格勒明天会把护照带来。,20,19,1,1.0526315789473684,direct_all_models_100samples_seed42_results.json,direct
Gemma,gemma4:e4b,77,多尔提醒齐格勒明天记得带护照。,在多尔夫的提醒下，齐格勒明天会把护照带来。,14,19,-5,0.7368421052631579,direct_all_models_100samples_seed42_results.json,direct
QWEN,qwen3.5:9b,77,多尔夫提醒齐格勒明天记得带护照，齐格勒表示没问题。,在多尔夫的提醒下，齐格勒明天会把护照带来。,23,19,4,1.2105263157894737,direct_all_models_100samples_seed42_results.json,direct
Aya-Expanse,aya-expanse:8b,78,威廉正在做意大利面，请奥利维亚买一些新鲜番茄。贝丝会买点巧克力作为晚餐后甜点。,威廉在做意大利面，奥莉维亚会给威廉买新鲜的西红柿，贝丝会买巧克力。,36,30,6,1.2,direct_all_models_100samples_seed42_results.json,direct
Gemma,gemma4:e4b,78,威廉让奥利维亚买新鲜番茄，并向贝丝要了晚餐后的巧克力。,威廉在做意大利面，奥莉维亚会给威廉买新鲜的西红柿，贝丝会买巧克力。,25,30,-5,0.8333333333333334,direct_all_models_100samples_seed42_results.json,direct
QWEN,qwen3.5:9b,78,威廉正在做意大利面，请奥利维亚买些新鲜番茄并让贝丝带巧克力作为餐后甜点。两人欣然答应。,威廉在做意大利面，奥莉维亚会给威廉买新鲜的西红柿，贝丝会买巧克力。,40,30,10,1.3333333333333333,direct_all_models_100samples_seed42_results.json,direct
Aya-Expanse,aya-expanse:8b,79,蒂娜（Tina）抱怨Facebook不断推荐帕特里克（Patrick），德米（Demi）笑了。蒂娜表示她需要学习如何从仇视男性到与他们建立关系，并提到在经历重大心碎后，德米成功地改变了自己。她们讨论了关于喜欢不同类型男性的观点，并计划组织相关工作坊。蒂娜表示她只喜欢一种类型，但德米建议她放松一点，探索其他可能性。蒂娜表达了希望独立于他人情绪的需求，德米表示理解。她们约定见面，并开玩笑说如果蒂娜无家可归，德米会收留她。,蒂娜必须学习黛米的方法，即如何从讨厌男人转变成和他们约会。,170,27,143,6.296296296296297,direct_all_models_100samples_seed42_results.json,direct
Gemma,gemma4:e4b,79,两人聊起网络上的话题，随后转到个人情感和性取向的讨论。对话中，他们分享了各自在感情经历后的心境变化，并约定要进行一些“工作坊”来探讨这些问题。最后，谈到生活中的压力（如租房问题），朋友互相鼓励，并确定了见面计划。,蒂娜必须学习黛米的方法，即如何从讨厌男人转变成和他们约会。,93,27,66,3.4444444444444446,direct_all_models_100samples_seed42_results.json,direct
QWEN,qwen3.5:9b,79,蒂娜和黛米在聊天中调侃 Facebook 不断推荐帕特里克，蒂娜表示想学习如何从讨厌男性转变为喜欢他们。黛米分享了自己曾经历心碎后努力调整心态的经历，并建议蒂娜多接触不同类型的异性以减轻情绪依赖。两人还讨论了租房问题，承诺若对方无家可归会提供住所，最后约定见面解决这些困扰。,蒂娜必须学习黛米的方法，即如何从讨厌男人转变成和他们约会。,121,27,94,4.481481481481482,direct_all_models_100samples_seed42_results.json,direct
Aya-Expanse,aya-expanse:8b,80,艾莉森问埃文是否和伊桑讨论了功能问题。埃文回答已经这样做了，并说伊桑可能不会来。艾莉森要求埃文想办法让伊桑来，埃文表示会尽力。,埃文会让伊森来的。,58,8,50,7.25,direct_all_models_100samples_seed42_results.json,direct
Gemma,gemma4:e4b,80,艾莉森询问伊万是否和伊桑谈过关于某项功能的事宜，得知伊桑可能不会来。艾莉森让伊万想办法解决这个问题，伊万表示会尽力说服他前来。,埃文会让伊森来的。,59,8,51,7.375,direct_all_models_100samples_seed42_results.json,direct
QWEN,qwen3.5:9b,80,艾莉森问伊万是否跟埃坦谈过关于活动的事，伊万确认了并告知埃坦可能不会来。艾莉森请求他帮忙解决，伊万答应会尽力让埃坦出席，艾莉森表示知道了。,埃文会让伊森来的。,64,8,56,8.0,direct_all_models_100samples_seed42_results.json,direct
Aya-Expanse,aya-expanse:8b,81,巴特已经收到了自己的成绩单，发现整个学期都表现不佳。他因为经济学的最终考试失败而感到沮丧。阿德里安建议他下学期再考，并分享了自己的学习方法——上课认真听讲，不需要花太多时间复习。巴特承认自己因为玩《星际争霸》而分心，承诺不再在学校期间玩游戏，但表示会适量娱乐。,巴特这学期成绩不好，因为他学习不多。他花很多时间玩星际争霸。阿德里安考得好是因为上课专心听讲。,117,43,74,2.7209302325581395,direct_all_models_100samples_seed42_results.json,direct
Gemma,gemma4:e4b,81,阿德里安问巴特成绩如何，得知巴特经济学期末考试失利，并归咎于自己没复习。两人讨论了学习方法，阿德里安表示自己只是上课认真听讲，而巴特则承认是沉迷星际争霸浪费时间导致成绩不佳，最后约定以后不再分心玩游戏。,巴特这学期成绩不好，因为他学习不多。他花很多时间玩星际争霸。阿德里安考得好是因为上课专心听讲。,94,43,51,2.186046511627907,direct_all_models_100samples_seed42_results.json,direct
QWEN,qwen3.5:9b,81,巴特因经济学期末考成绩糟糕而沮丧，承认自己复习不足且沉迷《星际争霸》导致分心。阿德里安建议他明年重读该课程并指出只要上课专心即可不必过度学习。两人约定巴特今后不再在学校玩游戏，但要避免失去专注力，随后将观察后续情况。,巴特这学期成绩不好，因为他学习不多。他花很多时间玩星际争霸。阿德里安考得好是因为上课专心听讲。,100,43,57,2.3255813953488373,direct_all_models_100samples_seed42_results.json,direct
Aya-Expanse,aya-expanse:8b,82,肖恩经过深思熟虑后决定自己的精神动物是乌龟。他最近才知道每个人都有一个，感觉很迷失，不知道自己到底是谁。经过多日思考，他终于确定自己是乌龟。蒂芙尼认为他可能只是被困扰了，建议他可能不是乌龟，而是黄蜂。,肖恩相信他的灵兽是乌龟，而蒂芙尼可能是黄蜂。,91,20,71,4.55,direct_all_models_100samples_seed42_results.json,direct
Gemma,gemma4:e4b,82,肖恩经过深思熟虑，决定自己的精神动物是乌龟。蒂芙尼对此表示理解，并开玩笑地质疑了肖恩的判断，认为他可能只是被鬼缠身了。,肖恩相信他的灵兽是乌龟，而蒂芙尼可能是黄蜂。,54,20,34,2.7,direct_all_models_100samples_seed42_results.json,direct
QWEN,qwen3.5:9b,82,肖恩经过深思熟虑，决定自己的精神动物是乌龟。蒂芙尼认为这解释了很多事并调侃他是黄蜂，而肖恩则开玩笑说蒂芙尼可能是被鬼魂附身了才把乌龟看成了其他东西。,肖恩相信他的灵兽是乌龟，而蒂芙尼可能是黄蜂。,70,20,50,3.5,direct_all_models_100samples_seed42_results.json,direct
Aya-Expanse,aya-expanse:8b,83,凯特在超市，乔治问她是否为明天学校买些水果。乔治想要一个苹果，凯特也打算买一个。乔治还询问橙子是否有货，凯特回答下周才到货。,凯特正在给她和乔治买苹果。他们得等到下周才能买到橘子。,56,25,31,2.24,direct_all_models_100samples_seed42_results.json,direct
Gemma,gemma4:e4b,83,凯特在超市，问乔治是否需要水果给学校。乔治要了一个苹果，凯特也买了一个。乔治询问是否有橘子，凯特说下周才有，两人只好等。,凯特正在给她和乔治买苹果。他们得等到下周才能买到橘子。,53,25,28,2.12,direct_all_models_100samples_seed42_results.json,direct
QWEN,qwen3.5:9b,83,凯特在杂货店，问乔治明天上学要不要买水果。乔治想要苹果，凯特也给自己拿一个。乔治询问是否有橘子，凯特说下周才有，已经问过店员了。两人决定等待。,凯特正在给她和乔治买苹果。他们得等到下周才能买到橘子。,63,25,38,2.52,direct_all_models_100samples_seed42_results.json,direct
Aya-Expanse,aya-expanse:8b,84,罗纳德问朱莉周末过得怎么样，朱莉回答还好但家里有些不和谐，父母在争论吃什么。朱莉表示不再想和他们一起吃饭。罗纳德表示同情并邀请朱莉周末后打电话给他，说有事情要告诉她，可能会让她开心起来。朱莉调侃地回应说她看到了“彩虹斑马”。,茱莉亚回来后会给罗纳德打电话，他有事要告诉她。,102,21,81,4.857142857142857,direct_all_models_100samples_seed42_results.json,direct
Gemma,gemma4:e4b,84,罗纳德询问了朱莉娅的周末过得如何，得知她因为父母吵架而心情不佳。两人互相表示理解和遗憾。最后，罗纳德让朱莉娅回来后打电话给他，并暗示自己有件让她非常开心的事要告诉她。,茱莉亚回来后会给罗纳德打电话，他有事要告诉她。,77,21,56,3.6666666666666665,direct_all_models_100samples_seed42_results.json,direct
QWEN,qwen3.5:9b,84,罗纳德询问朱莉娅周末过得如何，她因父母为吃饭地点争吵而心情不佳，甚至不想再与他们一起用餐。得知后罗纳德表示抱歉并让她回家后联系自己，还透露了一件令人惊喜的消息；朱莉娅开玩笑说已看到彩虹和史高比乐糖果广告中的长颈鹿，罗纳德确认事情类似那样。,茱莉亚回来后会给罗纳德打电话，他有事要告诉她。,112,21,91,5.333333333333333,direct_all_models_100samples_seed42_results.json,direct
Aya-Expanse,aya-expanse:8b,85,马修感冒了，需要大家支持。丽莎建议他喝橙汁，做点汤，并鼓励他坚持下去。马修表示会尝试。他透露可能是过敏加上病毒导致的。丽莎表示很抱歉，建议他休息，好好睡觉。马修同意，并祝晚安。,马修感冒了，他要喝些橙汁，然后去睡觉。,76,16,60,4.75,direct_all_models_100samples_seed42_results.json,direct
Gemma,gemma4:e4b,85,马修感冒了，丽莎建议他多喝橙汁、吃汤并好好休息。马修表示会尝试，并告知病因是过敏和病毒混合引起的。两人互相鼓励后，马修便去休息了。,马修感冒了，他要喝些橙汁，然后去睡觉。,58,16,42,3.625,direct_all_models_100samples_seed42_results.json,direct
QWEN,qwen3.5:9b,85,马修感冒了，感到疼痛并寻求支持。丽莎建议他喝橙汁、做汤休息，并表示相信他能战胜病魔。随后发现症状可能是过敏与病毒混合所致，两人互相安慰后道晚安。,马修感冒了，他要喝些橙汁，然后去睡觉。,65,16,49,4.0625,direct_all_models_100samples_seed42_results.json,direct
Aya-Expanse,aya-expanse:8b,86,斯蒂芬诺和乔西讨论了福柯的摆（Foucault's Pendulum）。乔西觉得这本书很奇怪，而且怀疑作者是不是意大利人。斯蒂芬诺解释说，乌菲克·埃科（Umberto Eco）是个“书呆子”，而不是所有意大利书籍都关于披萨、黑手党和曼多林。乔西表示她想尝试读原版意大利文小说，但担心自己的意大利语水平不足。斯蒂芬诺提到《玫瑰的名字》（The Name of the Rose）对非母语者来说非常困难。他解释说，《福柯的摆》设定在80年代，语言更容易理解，但内容同样复杂。乔西分享了她读过的萨曼·鲁什迪（Salman Rushdie）对《福柯的摆》的负面评论，称它不像小说，而像电脑游戏。斯蒂芬诺开玩笑说这很荒谬。两人最后开玩笑调侃对方。,乔茜觉得艾柯的小说《福柯的钟摆》书呆子气。乔茜很想读意大利的艾柯，但她对自己的语言能力没有把握。斯特凡诺认为艾柯的两部小说很难。乔茜读过萨勒曼拉什迪对《福柯的钟摆》的一个负面评论。,227,81,146,2.802469135802469,direct_all_models_100samples_seed42_results.json,direct
Gemma,gemma4:e4b,86,两人讨论了埃科的《福柯的钟摆》，乔西觉得这本书很“书呆子气”，斯蒂法诺则辩解说意大利文学不只关于披萨和黑帮。他们谈到阅读难度时，提到《玫瑰的名字》对外国人来说很难，但认为《福柯的钟摆》因为背景设定在80年代，语言上可能更容易理解，尽管内容依然复杂。最后，乔西提到读到了萨尔曼·鲁什迪当年批评这本书的文章，说它更像电子游戏而非小说，引发了两人一番玩笑式的争论。,乔茜觉得艾柯的小说《福柯的钟摆》书呆子气。乔茜很想读意大利的艾柯，但她对自己的语言能力没有把握。斯特凡诺认为艾柯的两部小说很难。乔茜读过萨勒曼拉什迪对《福柯的钟摆》的一个负面评论。,157,81,76,1.9382716049382716,direct_all_models_100samples_seed42_results.json,direct
QWEN,qwen3.5:9b,86,"斯蒂法诺与乔西讨论《傅科摆》，乔西认为其风格怪异且过于学术，担心自己的意大利语水平不足以阅读原著。斯蒂法诺指出该书语言比《玫瑰的名字》更易理解但内容同样复杂。乔西提到萨尔曼·拉什迪曾批评该作并非小说而是“电脑游戏”，两人对此展开幽默调侃；对话中因拼写错误引发""de gustibus non est disputandum（口味无可争辩）”的玩笑，最终在笑声与互相打趣中结束。",乔茜觉得艾柯的小说《福柯的钟摆》书呆子气。乔茜很想读意大利的艾柯，但她对自己的语言能力没有把握。斯特凡诺认为艾柯的两部小说很难。乔茜读过萨勒曼拉什迪对《福柯的钟摆》的一个负面评论。,143,81,62,1.7654320987654322,direct_all_models_100samples_seed42_results.json,direct
Aya-Expanse,aya-expanse:8b,87,下雨了！Val建议出门会湿，Candy认为先等一会儿看看是否停雨。Val同意等待半小时再决定，并约定在那时通过电话商量。,下雨了，所以瓦尔和坎迪要等半小时才走。,47,17,30,2.764705882352941,direct_all_models_100samples_seed42_results.json,direct
Gemma,gemma4:e4b,87,两人因下雨决定暂缓行程，约定等半小时后再看情况。,下雨了，所以瓦尔和坎迪要等半小时才走。,22,17,5,1.2941176470588236,direct_all_models_100samples_seed42_results.json,direct
QWEN,qwen3.5:9b,87,下雨了，两人决定等半小时看看雨是否停后再出发。,下雨了，所以瓦尔和坎迪要等半小时才走。,21,17,4,1.2352941176470589,direct_all_models_100samples_seed42_results.json,direct
Aya-Expanse,aya-expanse:8b,88,托马斯和杰里米都还没有收到资助。托马斯因为资金短缺而焦急地每小时检查一次银行账户。西拉安慰他，表示如果需要可以借给他一些钱，并建议他保持耐心。,托马斯、谢拉和杰里米仍然没有收到赠款。托马斯破产了，每小时都要查看他的银行账户。塞拉提出借钱给他。,66,44,22,1.5,direct_all_models_100samples_seed42_results.json,direct
Gemma,gemma4:e4b,88,托马斯询问大家是否收到拨款，但目前还没有人收到。他表示自己身无分文，并每小时查看一次银行账户，但没有任何进展。塞拉安慰他要耐心，并主动提出可以借钱给他。托马斯对此表示感谢，并希望款项能马上到账。,托马斯、谢拉和杰里米仍然没有收到赠款。托马斯破产了，每小时都要查看他的银行账户。塞拉提出借钱给他。,88,44,44,2.0,direct_all_models_100samples_seed42_results.json,direct
QWEN,qwen3.5:9b,88,托马斯询问是否有人收到拨款，西耶拉和杰里米表示尚未确认。因账户余额为零且每小时查询却无变化，托马斯感到十分焦急；西耶拉安慰他要有耐心并主动提出可以借钱给他，托马斯表示感谢并希望款项随时到账。,托马斯、谢拉和杰里米仍然没有收到赠款。托马斯破产了，每小时都要查看他的银行账户。塞拉提出借钱给他。,89,44,45,2.022727272727273,direct_all_models_100samples_seed42_results.json,direct
Aya-Expanse,aya-expanse:8b,89,查尔斯和卡米拉讨论了周末计划。查尔斯计划去伯明翰和曼彻斯特的德国市场，品尝香肠和啤酒。卡米拉表示会尝试去，因为她很久没有去过。他们还聊到了热红酒（多加香料的红葡萄酒），查尔斯推荐一定要试试。他们都开玩笑说自己会喝得头痛。最后，他们互相祝愿周末愉快。,卡米拉周六有一些差事要办。查尔斯本周末将访问德国市场。他们正在谈论圣诞食品和饮料。,112,38,74,2.9473684210526314,direct_all_models_100samples_seed42_results.json,direct
Gemma,gemma4:e4b,89,两人聊了周末的计划，查尔斯和卡米拉得知查尔斯周末要去逛德国市场（伯明翰和曼彻斯特），并对香肠和啤酒表示兴奋。卡米拉表示想去看看，并询问了热红酒的做法，查尔斯介绍了这是用料丰富的饮品，两人聊到去年自己尝试做但没人喝的经历，最后互相祝对方周末愉快。,卡米拉周六有一些差事要办。查尔斯本周末将访问德国市场。他们正在谈论圣诞食品和饮料。,112,38,74,2.9473684210526314,direct_all_models_100samples_seed42_results.json,direct
QWEN,qwen3.5:9b,89,查尔斯计划周末前往伯明翰和曼彻斯特逛德国市场，主要品尝香肠、啤酒以及热红酒。卡米拉对此很感兴趣并打算今年去一次，两人还聊到了去年查尔斯自制的热红酒无人问津的趣事，最后互祝对方玩得开心。,卡米拉周六有一些差事要办。查尔斯本周末将访问德国市场。他们正在谈论圣诞食品和饮料。,86,38,48,2.263157894736842,direct_all_models_100samples_seed42_results.json,direct
Aya-Expanse,aya-expanse:8b,90,Russell 发送了一张文件，并说：“看看这个，这是给妈妈的完美礼物：D” Diana 笑着点头，表示价格很合理。然后她问：“我们买它吗？” Russell 兴奋地回答：“当然！”,戴安娜和拉塞尔在给妈妈买礼物。,54,14,40,3.857142857142857,direct_all_models_100samples_seed42_results.json,direct
Gemma,gemma4:e4b,90,他们决定一起买这个礼物给妈妈。,戴安娜和拉塞尔在给妈妈买礼物。,14,14,0,1.0,direct_all_models_100samples_seed42_results.json,direct
QWEN,qwen3.5:9b,90,拉塞尔发现一个送给妈妈的完美礼物，价格也不贵。戴安娜表示赞同并询问是否购买，两人决定买下它。,戴安娜和拉塞尔在给妈妈买礼物。,42,14,28,3.0,direct_all_models_100samples_seed42_results.json,direct
Aya-Expanse,aya-expanse:8b,91,"简：你现在有空吗？能帮我看看那篇论文吗？

安斯利：抱歉，我生病了，不太能帮上忙。我感冒了，每两秒就打一个喷嚏。

简：哦...好吧，希望你很快好起来...",安斯利病了，所以她现在不能帮简写论文。,57,17,40,3.3529411764705883,direct_all_models_100samples_seed42_results.json,direct
Gemma,gemma4:e4b,91,简询问艾恩斯利是否方便帮忙做论文，但艾恩斯利因感冒身体不适，无法提供帮助。简表示理解并祝她早日康复。,安斯利病了，所以她现在不能帮简写论文。,46,17,29,2.7058823529411766,direct_all_models_100samples_seed42_results.json,direct
QWEN,qwen3.5:9b,91,简询问艾恩利是否空闲帮忙修改论文，但艾恩利因感冒打喷嚏而表示无法协助并致歉，简随即表达了希望她早日康复的祝愿。,安斯利病了，所以她现在不能帮简写论文。,52,17,35,3.0588235294117645,direct_all_models_100samples_seed42_results.json,direct
Aya-Expanse,aya-expanse:8b,92,菲奥娜无法忍受与康拉德（她的学生）在一起的感觉，即使他只有她五岁。万达认为这种情况太过分，并指出菲奥娜对他的感情已经超出界限。菲奥娜承认自己无法控制这种情感，担心如果被上司发现会造成麻烦。万达鼓励她勇敢面对并采取行动。,菲奥娜爱上了他的学生康拉德。,100,13,87,7.6923076923076925,direct_all_models_100samples_seed42_results.json,direct
Gemma,gemma4:e4b,92,菲奥娜对她的学生康拉德产生了强烈的迷恋，尽管万达提醒她这不合适，但菲奥娜承认自己无法自拔，并表示想要一直待在他身边。万达最终鼓励她采取行动。,菲奥娜爱上了他的学生康拉德。,65,13,52,5.0,direct_all_models_100samples_seed42_results.json,direct
QWEN,qwen3.5:9b,92,菲奥娜因与年轻学生康拉德独处而心烦意乱，尽管她明知这段关系不合适且担心老板发现，但仍深陷其中无法自拔；万达劝她勇敢面对感情去追求对方。,菲奥娜爱上了他的学生康拉德。,63,13,50,4.846153846153846,direct_all_models_100samples_seed42_results.json,direct
Aya-Expanse,aya-expanse:8b,93,玛格丽特提议在12月4日和11日10点或11点见面，埃文斯确认了这两个时间。玛格丽特还提到了18日，但埃文斯不确定是否能到。他们同意如果18日不可行，可以改到17日，但埃文斯可能也无法参加。最终决定在12月4日10点见面，并约定下周再讨论其他时间。,玛格丽特和埃文斯计划在4日10点和11日11点会面。他们两人都不确定下一次见面的时间，所以他们会在晚些时候定一下约会的日期。,106,56,50,1.8928571428571428,direct_all_models_100samples_seed42_results.json,direct
Gemma,gemma4:e4b,93,双方确定了12月4日上午10点会面，后续日期暂定，待进一步确认。,玛格丽特和埃文斯计划在4日10点和11日11点会面。他们两人都不确定下一次见面的时间，所以他们会在晚些时候定一下约会的日期。,27,56,-29,0.48214285714285715,direct_all_models_100samples_seed42_results.json,direct
QWEN,qwen3.5:9b,93,玛格丽特提议于 12 月 4 日、11 日和 18 日上午见面，埃文斯确认了前两个日期但表示对 18 号不确定。双方讨论了其他备选日期（如 17 号和 14 号），但因行程冲突未能确定。最终约定于 12 月 4 日 10:00 会面，并稍后再定后续时间。,玛格丽特和埃文斯计划在4日10点和11日11点会面。他们两人都不确定下一次见面的时间，所以他们会在晚些时候定一下约会的日期。,89,56,33,1.5892857142857142,direct_all_models_100samples_seed42_results.json,direct
Aya-Expanse,aya-expanse:8b,94,路易斯和阿奇在讨论一个GIF，看起来像梅兰妮。阿奇认为她以前留着卷发更漂亮，而路易斯则坚称直发更美。他们开玩笑地争论着，但都尊重对方的观点。,通过看照片，阿尔奇认为梅兰妮卷发更好看，路易斯不同意。,62,24,38,2.5833333333333335,direct_all_models_100samples_seed42_results.json,direct
Gemma,gemma4:e4b,94,两人在看GIF和照片，发现其中一个人物很像Melanie。随后他们就Melanie的造型展开了讨论，关于她留卷发还是直发更美，意见不合但气氛轻松愉快。,通过看照片，阿尔奇认为梅兰妮卷发更好看，路易斯不同意。,56,24,32,2.3333333333333335,direct_all_models_100samples_seed42_results.json,direct
QWEN,qwen3.5:9b,94,路易斯和阿奇在聊天时分享了几张 GIF 和照片，阿奇指出其中一张像梅兰妮，两人对此大笑。随后他们讨论了梅兰妮的发型：阿奇认为她卷发更迷人，而路易斯则坚持直发让她看起来同样美丽，尽管观点不同，但彼此都尊重对方的看法。,通过看照片，阿尔奇认为梅兰妮卷发更好看，路易斯不同意。,95,24,71,3.9583333333333335,direct_all_models_100samples_seed42_results.json,direct
Aya-Expanse,aya-expanse:8b,95,林达错过了火车，约瑟夫询问下一次出发时间，得知一个小时后有下一班。达西安慰她这不是大灾难。林达表示票价高达80欧元，需要返回阿姆斯特丹，并表达了惊讶之情。,琳达没赶上火车，下一班一小时后就到了。返回阿姆斯特丹的费用是80欧元。,69,31,38,2.225806451612903,direct_all_models_100samples_seed42_results.json,direct
Gemma,gemma4:e4b,95,琳达错过了火车，得知下一班一小时后才到，她对损失的八十欧元感到非常震惊。,琳达没赶上火车，下一班一小时后就到了。返回阿姆斯特丹的费用是80欧元。,33,31,2,1.064516129032258,direct_all_models_100samples_seed42_results.json,direct
QWEN,qwen3.5:9b,95,琳达错过了火车，下一班要等一小时。她原本只需支付八十欧元即可返回阿姆斯特丹，对此感到十分震惊。多西认为这并非悲剧。,琳达没赶上火车，下一班一小时后就到了。返回阿姆斯特丹的费用是80欧元。,52,31,21,1.6774193548387097,direct_all_models_100samples_seed42_results.json,direct
Aya-Expanse,aya-expanse:8b,96,他们正在通过邮件通知关于Lewandowska的情况。她因患上麻疹而住院。与她在过去几天内有过接触的人需要接种疫苗。乔安娜是她的论文导师，但幸运的是她没有在最近学期与她有过面对面的交流。学校将在17日至19日在主楼组织疫苗接种活动。乔安娜计划在18日工作前尽量完成接种。,莱万多夫斯卡得了麻疹。从17号到19号，所有和她接触过的人都在主楼接种疫苗。,115,33,82,3.484848484848485,direct_all_models_100samples_seed42_results.json,direct
Gemma,gemma4:e4b,96,关于Lewandowska生病（麻疹）的消息，她住院了。与她近期有接触的人需要接种疫苗。虽然Joanna的导师是她，但为了防疫，她计划在18日工作前去接种疫苗。,莱万多夫斯卡得了麻疹。从17号到19号，所有和她接触过的人都在主楼接种疫苗。,56,33,23,1.696969696969697,direct_all_models_100samples_seed42_results.json,direct
QWEN,qwen3.5:9b,96,乔安娜收到关于莱万多夫斯卡的邮件，得知她因患麻疹住院。由于近期接触过她的同事需要接种疫苗，而乔安娜是她的论文导师且刚入职时间紧张，梅尔韦强烈建议她在 18 日工作前去主楼参加组织于 17 日至 19 日的疫苗接种活动，希望不必耽误整天工作时间。,莱万多夫斯卡得了麻疹。从17号到19号，所有和她接触过的人都在主楼接种疫苗。,107,33,74,3.242424242424242,direct_all_models_100samples_seed42_results.json,direct
Aya-Expanse,aya-expanse:8b,97,"卡尔：你在哪里？
卡尔：我还在等你！
梅格：我还需要五分钟，我把钥匙丢了。",卡尔在等梅格，她找不到钥匙，要迟到了。,28,16,12,1.75,direct_all_models_100samples_seed42_results.json,direct
Gemma,gemma4:e4b,97,卡尔催促梅，因为她弄丢了钥匙需要再等五分钟。,卡尔在等梅格，她找不到钥匙，要迟到了。,20,16,4,1.25,direct_all_models_100samples_seed42_results.json,direct
QWEN,qwen3.5:9b,97,卡尔询问梅格在哪里并催促她，梅格回复说她需要五分钟，因为把钥匙弄丢了。,卡尔在等梅格，她找不到钥匙，要迟到了。,32,16,16,2.0,direct_all_models_100samples_seed42_results.json,direct
Aya-Expanse,aya-expanse:8b,98,玛丽亚表示对工作感到厌倦，无法再忍受。安娜斯塔西亚理解她的感受，但建议她冷静下来。费利克斯也劝她不要冲动做出决定。玛丽亚感到伤心。,玛丽亚厌倦了她的工作。,59,10,49,5.9,direct_all_models_100samples_seed42_results.json,direct
Gemma,gemma4:e4b,98,玛丽亚对工作感到极度厌倦，阿娜斯塔西娅劝她冷静，费利克斯警告她不要草率做决定。,玛丽亚厌倦了她的工作。,36,10,26,3.6,direct_all_models_100samples_seed42_results.json,direct
QWEN,qwen3.5:9b,98,玛丽亚厌倦了这份工作，无法忍受；阿纳斯塔西娅让她冷静下来，费利克斯则劝她不要冲动做决定。,玛丽亚厌倦了她的工作。,40,10,30,4.0,direct_all_models_100samples_seed42_results.json,direct
Aya-Expanse,aya-expanse:8b,99,卢克今天冲浪经历了糟糕的一天：零波浪、三次被拍打，还有一次被板子击中头。尽管如此，他仍期待下一次冲浪。肯和夏尔也分享了自己类似的冲浪经历。卢克明天下午两点二十二分将再次尝试，并提到低潮时能更好地看到岩石。埃里克则认为中潮通常更理想，因为看到岩石可能很危险。,卢克明天下午2点22分要去冲浪。,117,14,103,8.357142857142858,direct_all_models_100samples_seed42_results.json,direct
Gemma,gemma4:e4b,99,卢克今天冲浪非常惨，经历了零波浪、三次摔倒和一次被冲浪板击中头部，但仍期待下次。肯和夏默安慰他这是常态。关于最佳冲浪时间，卢克提到明天低潮时会去，而埃里克质疑了这一点，认为中潮更好；同时，两人讨论到在退潮时看到岩石的风险，最终结论是虽然能看清岩石，但不如直接避免与它们发生碰撞。,卢克明天下午2点22分要去冲浪。,126,14,112,9.0,direct_all_models_100samples_seed42_results.json,direct
QWEN,qwen3.5:9b,99,卢克今天冲浪惨败，零波次、三次落水还撞了头板；肯欢迎他加入“摔落俱乐部”，夏末也分享了自己差点掉牙的经历。关于最佳潮汐时间，埃里克认为中潮最好，但卢克坚持低潮更好因为能看清岩石且不会在礁石上冲浪，而埃里克则指出看到岩石意味着危险，虽然知道位置很重要，但若视线受阻就十分糟糕；两人最终达成共识：宁愿看见岩石也不愿撞上它们。,卢克明天下午2点22分要去冲浪。,145,14,131,10.357142857142858,direct_all_models_100samples_seed42_results.json,direct
