Error_Label,Meaning,When use,Example
H-ENT,Entity / participant hallucination,"Use when the summary mentions the wrong person, participant, entity, name, or object, or introduces an entity not supported by the source dialogue.","Source: Mira bought a cactus. → Summary: Mira bought an orchid."
H-EVT,Event / action hallucination,"Use when the summary adds, changes, or fabricates an event/action that is not supported by the source dialogue.","Source: Theo inspected the bicycle. → Summary: Theo repaired the bicycle."
H-ROLE,Semantic role / speaker attribution hallucination,"Use when the event is roughly correct, but the participant roles are wrong, such as who did the action, who received it, or who said it.","Source: Nia lent Omar a compass. → Summary: Omar lent Nia a compass."
H-CIRC,Time / place / number / condition hallucination,"Use when the summary gets circumstantial details wrong, such as time, place, number, quantity, condition, or schedule.","Source: The class meets Friday at 3 p.m. → Summary: The class meets Thursday at 3 p.m."
H-MOD,Negation / modality / uncertainty hallucination,"Use when the summary changes negation, uncertainty, intention, obligation, or modality, such as “might” becoming “will,” or “did not” becoming “did.”","Source: Ivo might join the hike. → Summary: Ivo will join the hike."
H-DISC,Discourse relation / final outcome hallucination,"Use when the summary misrepresents the discourse relation or final outcome, such as cause-effect, contrast, temporal order, decision, agreement, or conclusion.","Source: They discussed the blue design but chose the green one. → Summary: They chose the blue design."
OMIT,Salient omission,"Use when the summary misses a salient event, participant, reason, decision, or final outcome that is important for understanding the dialogue.","Source: Pia canceled the picnic because of smoke and rescheduled it for Sunday. → Summary: Pia canceled the picnic."
LANG,Language / format issue,"Use when the output has language, translation, fluency, formatting, or instruction-following issues, such as English leakage, malformed Chinese, repeated text, or non-summary output.","Instruction: Summarize in Korean. → Output: They agreed to meet outside."
NO-ERROR,,,"Source: Zuri stored the parcel in locker 12. → Summary: Zuri put the parcel in locker 12."
