sample_index,model_name,generated_summary_zh,reference_summary_zh,reference_summary_en,dialogue
0,aya-expanse:8b,"麦克斯问派顿是否知道哪里可以买到好衣服。派顿列出了几个网站，但表示通常会从两个或三个网站购买，因为每个网站都有不同的商品。麦克斯表示会查看这些网站。

派顿坦言对购物既喜欢又不喜欢。她喜欢浏览、试穿和看镜子，但并不总是买。麦克斯好奇为什么，派顿开玩笑说如果她买了所有喜欢的东西，就没什么可生活了。

派顿通常会购买衣服和书籍。她热爱阅读，喜欢读各种各样的书。",佩顿给麦克斯提供了卖衣服的网站。他喜欢浏览、试穿衣服，但不一定都会买。他经常买衣服和书，因为他也喜欢阅读。,Payton provides Max with websites selling clothes. Payton likes browsing and trying on the clothes but not necessarily buying them. Payton usually buys clothes and books as he loves reading.,"Max: Know any good sites to buy clothes from?
Payton: Sure :) <file_other> <file_other> <file_other> <file_other> <file_other> <file_other> <file_other>
Max: That's a lot of them!
Payton: Yeah, but they have different things so I usually buy things from 2 or 3 of them.
Max: I'll check them out. Thanks. 
Payton: No problem :)
Max: How about u?
Payton: What about me?
Max: Do u like shopping?
Payton: Yes and no.
Max: How come?
Payton: I like browsing, trying on, looking in the mirror and seeing how I look, but not always buying.
Max: Y not?
Payton: Isn't it obvious? ;)
Max: Sry ;)
Payton: If I bought everything I liked, I'd have nothing left to live on ;)
Max: Same here, but probably different category ;)
Payton: Lol
Max: So what do u usually buy?
Payton: Well, I have 2 things I must struggle to resist!
Max: Which are?
Payton: Clothes, ofc ;)
Max: Right. And the second one?
Payton: Books. I absolutely love reading!
Max: Gr8! What books do u read?
Payton: Everything I can get my hands on :)
Max: Srsly?
Payton: Yup :)"
1,aya-expanse:8b,奥利、凯利、米奇和杰西卡在聊天，分享他们认为最可怕或最令人印象深刻的地方。凯利提到芬兰的一个雕塑花园，那里有大量看起来有些诡异的雕塑人像。奥利则介绍了日本纳戈尔村，描述它与凯利的经历相似，但更加令人不安，因为村庄里的人比雕塑还多。讨论中充满了幽默和惊恐的元素，最终米奇表示要结束聊天，大家互道再见。,凯利很害怕芬兰雕塑花园里的人物，因为她觉得那些人物的脸非常病态。对奥利来说，这就像日本的人偶村，令人毛骨悚然。,"Kelly is scared of sculpture garden figures in Finnland, she finds figure's faces morbid. For Ollie it's Nagoro village in Japan, it's creepy. ","Ollie: Okay, Kelly! Ur up nxt!
Kelly: Me? I don't wanna.
Mickey: C'mon!
Jessica: Yeah! What's yours?
Kelly: Fine. It's a sculpture garden in Finnland.
Ollie: What's scary about sculptures? Wait! Do they resemble vampires and stuff?
Mickey: Nah, I'm sure they look rly nice.
Kelly: It's not the sculptures, it's the amount of them and their faces!
Jessica: Faces? What faces?
Kelly: Well, they resemble ppl in different activities like hugging, training, doing sport and so on. But the faces are just morbid and there's like a hundred of them. All staring at you!
Ollie: Another one?
Mickey: Certainly!
Jessica: Well, Ollie, ur turn!
Ollie: Nagoro village in Japan!
Mickey: Y?
Ollie: Well, maybe it's not scary, but it similar to Kelly's place. It's just creepy as hell.
Jessica: Bt y?
Ollie: Imagine a village with ppl living in it. And in the same village u have these human-sized figures. And there's more of them than the ppl that actually live there!
Kelly: Creepy AH!
Mickey: WTF?! Y would ppl even do that?
Jessica: Idk. Idc. Never. Going. There.
Ollie: See! Mine was the worst!
Jessica: Bt not the scariest!
Ollie: Point taken.
Mickey: Listen, guys, fun talking to u, bt gotta go. 
Kelly: Yeah, me too. Bye!
Jessica: Bye!
Ollie: Cu!"
2,aya-expanse:8b,埃里克问贝拉今天老板房间里发生了什么，老板是否生气。贝拉回答说老板并没有生气，反而对他们拒绝客户请求的决定表示赞赏。埃里克惊讶地发现原来如此。贝拉解释说，老板希望吸引竞争对手的潜在客户。埃里克祝贺贝拉得到老板的认可。,贝拉和埃里克拒绝了一个客户的要求。他们老板很赞赏这个决定。他会吸引新的客户来。,Bella and Eric dismissed a request of a client. Their boss appreciated the decision. He brings in new clients.,"Eric: Hey Bella, What happened today in boss's room?? Was he angry??
Bella: NO NO!!! He wasn't angry at all.. He actually appreciated on our brave deccision to dismiss the request of client..
Eric: REALLY!! He appreciated this decision..
Bella: Yeah he really did.. I too was astounded by his reaction...
Eric: What could possibly lead to this?? I mean , they were potential clients...
Bella: What he told me was that he was looking forward to bring in new clients which were our current client's competitor..
Eric: Oh that could possibly be the reason.Well anyways you got appreciation xD congo	
Bella: hahaha Blessing in disguise xD"
3,aya-expanse:8b,"玛丽：嘿，我有点缺钱，能借我几百元吗？
卡特：好的，给我一个小时，我在火车站。
玛丽：行，谢谢！",玛丽的钱用完了，卡特打算一小时后借给她一点。,Mary ran out of money. Carter is going to lend her some in an hour.,"Mary: hey, im kinda broke, lend me a few box
Carter: okay, give me an hour, im at the train station
Mary: cool, thanks"
4,aya-expanse:8b,杰克提议后来喝鸡尾酒，梅激动地回应“是！”她表示自己确实很紧张。杰克猜测了，梅叹了口气，承认确实有点紧张。她认为喝点酒会好一些，杰克建议可能要两杯。,杰克和梅一会儿要喝鸡尾酒。,Jack and May will drink cocktails later.,"Jack: Cocktails later?
May: YES!!!
May: You read my mind...
Jack: Possibly a little tightly strung today?
May: Sigh... without question.
Jack: Thought so.
May: A little drink will help!
Jack: Maybe two!"
5,aya-expanse:8b,约瑟夫发了一张模糊的照片，上面是两头小牛。艾拉看了之后兴奋地猜测是小牛，并表达了想要触摸它们的愿望。约瑟夫确认照片中的牛是他的表兄扬的牛，并纠正了艾拉的“双胞胎”为“一对”。艾拉对拥有两头牛感到高兴，并表达了对它们的好奇心。,约瑟夫给艾拉发了一张乌耶克·雅内克家双胞胎奶牛的照片，艾拉很高兴。,Joseph has sent Ella a photo of Wujek Janek's twin baby cows. Ella is delighted.,"Joseph: It's fuzzy but I think you can recognize what's that(^_-)-☆
Joseph: <file_photo>
Ella: Ooooo
Ella: Baby cows??(/◕ヮ◕)/(/◕ヮ◕)/(/◕ヮ◕)/
Joseph: Wujek Janek has tween cows:D
Ella: Twins* darling xD
Joseph: Oh yeah, sorry Twins*
Ella: Good for him!! So cool❤️❤️
Ella: Wanna touch them❤️❤️❤️"
6,aya-expanse:8b,阿黛尔告诉洛拉她养了一只新的狗，是一只4个月大的小黄狗，名叫骨头（Bones）。其他宠物对新成员反应平静，猫保持距离，而波皮和露露似乎像母亲一样照顾它。斯皮迪想和他一起玩耍。阿黛尔提到幼犬通常比成年狗更容易被其他动物接受。洛拉开玩笑说女狗喜欢打架，但阿黛尔也同意这一点。他们决定给新狗取名骨头，因为它很胖。洛拉期待着见到这只可爱的狗。,之前阿黛尔得到了一只新的可爱的拉布拉多狗，4个月大，名叫秋伊。她的猫咪们和她保持着距离，而小狗波比和露露都很像它们的妈妈秋伊和斯皮迪，都想出去玩。,"Adele got a new biscuit Labrador Chewy that is 4 months. Her cats keep their distance, and Poppy and Lulu seem to mother Chewy and Speedy wants to play.","Lola: hey girlfriend, what's up?
Adele: Oh, hi Lols, not much.
Adele: got a new dog.
Lola: another one?
Adele: Yup. a pup biscuit lab. 4 months. Chewy.
Lola: how did the others react?
Adele: the cats keep their distance, Poppy and Lulu seem to mother him. Speedy wants to play.
Lola: no fighting? that's new.
Adele: they say puppies are accepted by other animals more easily than older dogs
Lola: especially girl dogs, probably
Adele: with the other ones I had to wean them because I took them in as adult dogs. And girls like to fight. like crazy.
Lola: doggies, right/.
Adele: that too :P
Lola: haha. true though.
Adele: I know, right. Anyway, called him Bones. He's so plump it kinda fit.
Lola: cute. can't wait to see him."
7,aya-expanse:8b,劳拉问明天去哪里，林达建议意大利餐厅。劳拉同意了。林达说她喜欢那里的面条和布朗尼，尽管她平时不吃甜食。,琳达和劳拉明天要去一家意大利餐馆。,Linda and Laura are going to an Italian restaurant tomorrow.,"Laura: where will we go tommorow?
Linda: maybe this italian restaurant?
Laura: hmm ok
Linda: i love their pasta
Linda: and brownie :)
Laura: i thouht you dont eat sweets
Linda: this brownie is not so sweet"
8,aya-expanse:8b,"米亚：亲爱的，我今晚下班后可以出去吗？
埃利奥特：当然可以，去吧！😊
米亚：谢谢你，亲爱的。我们要度过一个女孩子们的外出夜晚。
埃利奥特：你们在做什么呢？
米亚：好吧，我们会去喝点饮料，享受一下工作之外的时光。
埃利奥特：请不要太晚回家，如果需要我来接你，就给我打电话。",米娅今晚下班后要和她的女性朋友一起出去。如果她愿意，艾略特会来接她。,"Mia is going out after work tonight with her female friends. If she wants, Elliot will come and pick her up.","Mia: babe, do you mind if i go out after work tonight?
Elliot: yeah, sure. go for it ;) 
Mia: thanks, babe. it's gonna be girls night out 
Elliot: what're u up to?
Mia: well, you know we gonna grab some drinks have some nice time outside of work
Elliot: don't be too late please and if you need me to pick u up just give me a ring "
9,aya-expanse:8b,"瑞安：我感觉不对劲，看了这个文件（<file_other>）。
塞巴斯蒂安：乌克兰... 这个俄罗斯的闹剧永远不会结束...
瑞安：希望各国领导人能对这种情况做出反应。
塞巴斯蒂安：我也希望如此...",瑞安和塞巴斯蒂安担心乌克兰的政治局势。,Ryan and Sebastian are worried about the political situation in Ukraine.,"Ryan: I have a bad feeling about this
Ryan: <file_other>
Sebastian: Ukraine...
Sebastian: This russian circus will never end...
Ryan: I hope the leaders of of nations will react somehow to this shit.
Sebastian: I hope so too :("
10,aya-expanse:8b,芬恩提议明天去象与城堡（Elephant and Castle）这个社区，那里充满了拉丁美洲风情的小店和餐厅。扎迪对这个计划很感兴趣，因为她很久没有吃过拉丁美洲美食了。他们计划在下午两点在购物中心的主入口见面，探索这个即将被拆迁的社区。扎迪表示会及时联系芬恩，如果迷路了。,费恩和查蒂明天2点去象堡，他们会在正门碰头。,Finn and Zadie are going to Elephant and Castle tomorrow at 2. They will meet at the main entrance.,"Finn: Hey
Zadie: Hi there! What's up?
Finn: All fine. You? 
Zadie: Not bad, thanks 
Finn: Look, I was thinking of going to this neighborhood called Elephant and Castle tomorrow, it's apparently full of Latin American stuff. Fancy joining? 
Zadie: Sure! But what's ""stuff""? 😂
Finn: lol So apparently it's a place were random people from ""Latin America"" (meaning fuck knows which countries) started running small businesses and restaurant, and a nice little community was formed
Zadie: Oh cool 
Finn: Then capitalism came and it's all going to be demolished soon, so it's like the last chance to go
Zadie: What a shame :( Yeah, I haven't had Latin American 😂 food for ages so I'm totally up for it
Finn: Can't wait to taste this cuisine of unspecified Latino origin lol
Zadie: 😂😂😂
Finn: But we can specify time and place if and only if you wish 
Zadie: I might be tempted to lol I'd say early evening, 2-ish?
Finn: Yeah, that's fine by me. So most of the places we want to visit are in this Elephant and Castle shopping centre. Shall I see you at the main entrance, wherever that is 
Zadie: 2 o'clock at unspecified main entrance then? Sounds good to mw
Finn: Yer
Zadie: Cool, see you there! And thanks so much for remembering about me 💜💜💜
Finn: Thanks for saying yes to such an ill-defined plan lmao 
Zadie: Ha ha You know I love those
Finn: See you tomorrow then 
Zadie: Yep Call me if you get lost
Finn: I will I will 🤙 byeeee 
Zadie: Toodles"
11,aya-expanse:8b,汤姆告诉本：2点在椭圆房间见，带上所有文件，这将是一场战斗！记住，无情地战斗，不留活口。本笑着回应，他们一定能赢，正义在他们这一边。,汤姆下午2点会在椭圆形会议室与本会面。他会先告诉对方把文件带来。,Tom will meet Ben in the Oval Room at 2pm and tells him to bring the papers. ,"Tom: Ben. We've decided. 2pm in the Oval Room.
Ben: Ok, I'll be there
Tom: Take all your papers, it's going to be a fight! And remember: take no prisoners, shoot to kill!
Ben: hahaha, we have to win this battle.
Tom: We will, the justice is on our side."
12,aya-expanse:8b,埃利奥特现在很忙，无法接听电话，提议两小时后再打电话。乔丹正在去参加同事布拉德的葬礼，晚上八点会打电话给埃利奥特。埃利奥特表示了慰问，并承诺在晚上八点打电话。布拉德因肝癌去世，乔丹之前已经提到过这个情况。,艾略特现在没空和乔丹说话，他很忙。晚上6点他会给乔丹回电话。乔丹要去参加布拉德的葬礼，布拉德因肝癌去世了。,"Elliot can't talk to Jordan now, he's busy. He'll call him back at 8 pm. Jordan is going to Brad's funeral. He had liver cancer.","Elliot: i can't talk rn, i'm rly busy
Elliot: can i call u back in about 2 hours?
Jordan: Not really, I'm going to a funeral.
Jordan: I'll call you tonight, ok?
Elliot: sure
Elliot: whose funeral is it?
Jordan: My colleague's, Brad.
Jordan: I told you about him, he had a liver cancer.
Elliot: i'm so sorry man, i hope u're ok
Elliot: i'll call u at 8 pm"
13,aya-expanse:8b,"Flo：天啊，我要到第六天才能去美发沙龙！
Gina：什么？为什么？
Flo：他们太忙了。我快要变灰白头发了！哈哈！
Gina：那你去超市买个染发套装吧！
Flo：没办法了！",弗洛要到6号才能预约到做头发。她担心自己头发会变成灰色，所以必须在特易购买一套补色工具。,Flo cannot get an appointment at the salon until the 6th. Flo worries she's going to be gray. Flo will have to get a touch-up kit at Tesco.,"Flo: OMG, I can't get into the salon until the 6th!
Gina: What? Why?
Flo: They're just too busy. I'm going to be gray! LOL!
Gina: Get you a touch-up kit at Tesco!
Flo: Gonna have to!"
14,aya-expanse:8b,杰克西认为大卫昨天说得对，关于承担责任等问题。大卫回应他记得了，约定稍后再谈，杰克西下班后会打电话给大卫。,根据杰克所说，理应由大卫承担责任。等杰克回家后他们再谈。,"According to Jacky, David did the right thing taking the blame. They will talk when Jack comes back home.","Jacky: I think you were right yesterday. 
David: What about? I'm right about most things :P
Jacky: Yeah, whole you ;)
Jacky: About taking the blame etc. 
David: Okey, I remeber. We'll talk later?
Jacky: With pleasure. I'll call you when I get home."
15,aya-expanse:8b,皮特问阿德尔是否清洁了仓鼠笼。阿德尔回答没有，并询问是不是轮到她了。皮特说是在学校后，没有借口。阿德尔无奈地同意了。,阿黛尔放学后得打扫仓鼠笼。,Adelle has to clean the hamster cage after school.,"Pete: Did you clean the hamster cage?
Adelle: No. Is it my turn?
Pete: Yes. After school, no excuses.
Adelle: Fine."
16,aya-expanse:8b,兰道夫问玛雅还在药店吗，并请求她买4到5包耳塞。玛雅回答会买5包。兰道夫感谢她。,玛雅会在药房为伦道夫买5包耳塞。,Maya will buy 5 packs of earplugs for Randolph at the pharmacy.,"Randolph: Honey
Randolph: Are you still in the pharmacy?
Maya: Yes
Randolph: Buy me some earplugs please
Maya: How many pairs?
Randolph: 4 or 5 packs
Maya: I'll get you 5
Randolph: Thanks darling"
17,aya-expanse:8b,法蒂玛告诉林肯，她和杰森谈过，杰森对某个地方不太满意。林肯认为那地方没什么问题，但关心的是阿莱恩的情况。法蒂玛认为阿莱恩可能患有抑郁症，但她拒绝就医。林肯认为这不是法蒂玛的责任，并建议她为可能的分手做好准备。法蒂玛觉得阿莱恩只是有点困扰，因为她经历了很多。林肯直言不讳地说每个人都有问题，关键是自己是否在解决它们。法蒂玛感到伤心，但意识到自己的成长环境比阿莱恩好得多，决定感激当下。林肯鼓励她不要过多担忧他人，并赞美她的美丽。,法蒂玛很担心詹森和艾琳。艾琳遇上了一些问题。但林肯不希望法蒂玛为别人操心太多。,Fatima is worried about Jenson and Alene. Alene has issues. Lincoln doesn't want Fatima to worry about others too much.,"Lincoln: Heeyyy ;* whats up
Fatima: I talked to Jenson, he’s not too happy ;p
Lincoln: the place sucks??
Fatima: No, the place is ok, I think, we can go there, it’s about Alene
Lincoln: typical, dont worry about it
Fatima: He thinks she may have a depression :[
Lincoln: nothin new, everyone has it, she needs a doctor then
Fatima: But she won’t go ;/
Lincoln: so she’s destroying her life fuck it its not your problem
Fatima: It is, they’re both my friends!
Lincoln: you better think what to do if they break up
Fatima: Ehh yes Ill have a problem ;//
Lincoln: both blaming each other and talking with you about it, perfect
Fatima: Alene is just troubled… She’d been through a lot…
Lincoln: everyone has their problems, the question is are ya doin sth about them
Fatima: She has problems facing it, don’t be surprised :[
Lincoln: then it is her problem
Fatima: You are so cruel at times… o.O
Lincoln: maybe, for me its just a common sense
Fatima: Why can’t everyone be just happy???
Lincoln: youll not understand, you had good childhood, nice parents, you have no idea
Fatima: Probably, true… Well I can be just grateful o.o
Lincoln: do that and stop worrying about others, youre way to bautful for that <3
Fatima: :*:*:*"
18,aya-expanse:8b,杰夫和利亚因为刚从徒步旅行回来，都感到很累，所以没有兴趣去村庄派对。米科则表示想去，因为可能有帅气的男孩。吉姆开玩笑说，村里的男孩可能不讲英语，更愚蠢。米科同意了。利亚仍然不感兴趣，而杰夫虽然不热情，但也同意一起去。米科问谁要一起开车，以便他可以喝酒，杰夫表示无所谓。,米科和杰夫要去参加村里的聚会，杰夫开车。,Mico and Jeff will go to the village party. Jeff will drive.,"Jeff: Should we go to the village party?
Lia: I'm too tired after hiking
Mico: I'd like to go, there may be some hot boys!
Lia: I doubt
Jim: like a real village boy?
Jim: who doesn't even speak English?
Mico: yes, the dummer, the better
Jim: haha, stupid fucks good, they say
Mico: I confirm!
Lia: not my cup of tea
Mico: I'll go there, who wants to join?
Jeff: I'll go as well
Mico: wanna drive?
Jeff: so you could drink?
Mico: would be nice, hahah
Jeff: not excited, but ok
Mico: thanks!"
19,aya-expanse:8b,哈利急切地要求辛迪给埃拉打电话，说有紧急事情要讨论。辛迪抱怨说，他们总是让她充当传话筒，但这次之后不会再这样做了。她已经完成任务，哈利现在可以给埃拉打电话了。,艾拉没有接哈利的电话。在哈利的请求下，辛迪给艾拉打了电话。,Ela is not taking Harry's phone calls. Cindy calls Ela at Harry's request.,"Harry: heyyyy are you there??
Cindy: Yes dear what is it?
Harry: Can you call Ela and tell her i need to talk urgent please pick my call.
Cindy: what happened now? an other fight :O
Harry: please tell her
Cindy: MAN! you guys... am i some kind of a messenger service here?
Harry: PLEASEEEEEEEEE ?
Cindy: ok doing.... but thats the last time.
Harry: Yes like always:P
Cindy: Hate you seriously man.
Harry: Thank you
Cindy: Done you can call her now."
20,aya-expanse:8b,肯对格雷格说：“你这个卖淫的，给我退钱。” 格雷格怀疑是账号被黑客攻击，但肯解释说他是开玩笑。格雷格也回击了同样的侮辱。,肯恩正试图捉弄格雷格。,Ken is trying to play a prank on Greg.,"Ken: Fuck you, you pimp
Greg: What?
Ken: Fuck you man, I want my money back
Greg: Was your account hacked by some prankster?
Ken: No, I'm the prankster, just having a laugh at your expense
Greg: Well, fuck you too then XD"
21,aya-expanse:8b,"阿德里安：你能接电话吗？
西蒙：不方便，有什么重要的事吗？
阿德里安：不是很重要。
西蒙：我五点左右可以空出时间。
阿德里安：那我等你。",西蒙五分钟后会和阿德里安谈一谈。,Simon will talk to Adrian in 5 minutes.,"Adrian: Can you talk?
Simon: Not really, anything important?
Adrian: Not that much.
Simon: I'll be free at 5
Adrian: i'll you then"
22,aya-expanse:8b,加布表示现在可以随意发消息，并询问何时能见面喝酒。凯特很忙，不确定何时有空。加布希望在现实中见到她，但凯特拒绝了，称自己不是这样的人。加布试图解释他们的交流方式不同，但凯特认为这是个错误。加布确认凯特是否离线，但凯特没有回应。,加布想在线下和凯特见一面。但是凯特不喜欢加布的要求，所以她不会再和他说话了。,Gab wants to meet Kat in real life. Kat doesn't like Gab's insisting so she won't to talk to him at all.,"Gab: Ah that's better. Now we can message all we like.
Kat: :-)
Gab: So when can we meet up for a drink?
Kat: Fairly busy at the moment so I'm not sure when.
Gab: I'd love to meet you in real life.
Kat: I don't meet strange men from the internet.
Gab: Why not?
Kat: Not that sort of gal.
Gab: But you're talking to me, aren't you?
Kat: Yes, but that's different.
Gab: How so?
Kat: Just is.
Gab: But it would be so much nicer to do this cuddled up right next to you...
Kat: I think this was a mistake.
Gab: Are you there?
Gab: Where did you go?
Gab: Kat?"
23,aya-expanse:8b,"阿加莎：我的演讲准备好了！
亚当：太棒了，是什么主题？
阿加莎：经济学。
亚当：听起来有意思吗？
阿加莎：当然，我使用了最新的研究数据。
亚当：看来你很了解这个领域呢！
阿加莎：我对经济学非常感兴趣。",阿加莎为自己感到骄傲，因为她已经完成了经济学相关的报告。她对经济学很感兴趣。,Agatha is proud of herself because she has finished her presentation in Economics. She is very interested in Economics.,"Agatha: My presentation is ready as we speak :)
Adam: oh cool, what course?
Agatha: Economics.
Adam: Is it interesting? I mean... your presentation.
Agatha: Definitely, I used recent research.
Adam: Sounds like you know what you're doing :P
Agatha: I'm just really into economics :)
Adam: no doubt about that"
24,aya-expanse:8b,凯恩问沙农是否听过30秒至火星的新专辑，沙农表示没有。凯恩推荐她听，沙农表示会去听的。,凯恩向香农推荐30秒上火星乐队的新专辑。,Kane recommends the new 30 Seconds to Mars album to Shannon.,"Kane: have you heard the new 30 seconds to mars album?
Shannon: no, is it good?
Kane: you should so check it out
Shannon: ok thanks for the recommendation
Kane: no prob"
25,aya-expanse:8b,安妮讨厌那个“恶女”！凯瑟琳和诺拉都好奇她又做什么了。凯瑟琳指的是在镜达。大家都对她很反感。昨天，镜达打电话给汤姆，表现得非常甜蜜，这让安妮怀疑她想夺走汤姆。凯瑟琳不认为镜达有这个可能，因为她觉得镜达不是汤姆的类型。,米兰达昨天打电话给汤姆，很甜蜜地和他讲话。安妮很生她的气，因为她正在和汤姆约会。,Miranda called Tom yesterday and spoke to him in a sweet way. Anne is angry with her because Anne is dating Tom.,"Anne: I hate that bitch!
Catherine: What did she do again???
Nora: Who's the bitch?
Nora: Sorry I missed something
Catherine: Miranda!!! 
Catherine: We all hate her
Anne: Yesterday she called Tom, was all sweet with him you know how she can be....
Catherine: No way she did it!! How dare she!! She knows you guys are dating.
Anne: I think that's why she did it. She wants to take Tom away from me.
Nora: Oh, come on! She's not his type! "
26,aya-expanse:8b,莉莉和凯特聊天，莉莉说她和一位叫托马斯的人度过了一夜，他是一个罗马尼亚富家子，正在伦敦的LSE学习。莉莉惊讶于他并不像预期的那么平淡无奇，相反，他在各个方面都给她带来了极大的享受，让她头痛不已。凯特很高兴听到这个消息，认为莉莉值得拥有一些乐趣，因为最近几周她经历了很多压力。,莉莉和托马斯度过了一个美好的夜晚。托马斯是罗马尼亚人，来自一个非常富有的家庭。,Lily spent an amazing night with Thomas. Thomas is Romanian and comes from a very rich family.,"Lily: I spent an amazing night with this guy
Kate: What's his name?
Lily: Thomas
Kate: Is he English?
Lily: He is Romanian, but from an extremely rich family, it seems
Kate: What does he do in London?
Lily: LSE
Kate: of course, so predictable 
Lily: Hahah, but I expected him to be more banal and boring
Kate: but?
Lily: to be more mediocre...
Kate: in size, in passion or in wallet?
Lily: In everything. I've had so much pleasure that I have a headache
Kate: I'm glad to read that. You deserved some fun after the last weeks.
Lily: haha, I agree!"
27,aya-expanse:8b,鲍勃问梅兰妮是否预订了明天的票。梅兰妮说杰克承诺会做这件事，而且他有工作场所折扣。鲍勃再次确认杰克是否在场并预订了票。杰克回答已经预订了三张明天晚上七点的票，并且享受了30%的折扣。,杰克预定了三张明天晚上七点的票。他能享受七折优惠。,Jake reserved 3 tickets for tomorrow 7 pm. He got 30% discount.,"Bob: did you reserve the tickets for tomorrow?
Melanie: Jake promised me he will do that
Melanie: he has some workplace discount on them
Bob: Jake are you here?? Did you reserve the tickets?
Jake: yes I did, 3 tickets for tomorrow, 7 pm
Jake: and we got a 30% discount on them too :)"
28,aya-expanse:8b,丽莎问彼得最近过得怎么样。彼得说工作很忙。丽莎认为他可能在为健康而努力，而不是减肥。彼得解释他想通过锻炼改善健康状况，并不需要减重。他们讨论了锻炼和饮食对保持健康的重要性，并同意长期坚持健康习惯非常重要。,彼得最近一直在他们办公室附近的健身房锻炼以改善健康状况。为了更健康，丽莎正在考虑锻炼和更加合理饮食。,Peter has been working out at the gym near their office lately to improve his health. Lisa is considering working out and eating better to be healthier.,"Lisa: Hello Peter. What have you been doing off late?
Peter: Bit busy with work.
Lisa: Too much of work, huh?
Peter: Not really, I’ve been working out
Lisa:  Ohh, trying to get in shape?
Peter: Nah, I don’t have much of weight to lose, just want to improve my health.
Lisa:  That’s a good thought. I was also thinking of working out a bit. What do you do? Do you go to a Gym?
Peter: Yes, I hold a membership with the one near our office.
Lisa: Which exercises do you do regularly?
Peter: I do weights and run on the treadmill.
Lisa:  Besides exercises, I think I need to eat better to help me keep in shape.
Peter: Another major requirement for good health is sleep. On an average one requires at least 7-8 hours of sleep.
Lisa:  There are a lot of things we can do to stay healthy.
Peter: Yes. One needs to maintain a regime to stay healthy for a long term."
29,aya-expanse:8b,杰西卡去城里二手店买了很多东西，包括一张橡木桌、六把椅子、一个花瓶和一堆衣服。她发了照片给拉斐尔和弗兰克，他们都非常喜欢那张桌子，尤其是拉斐尔对黑色的连衣裙赞不绝口。杰西卡对自己的购买感到非常满意，更令人高兴的是，她只花了70欧元就买了所有这些东西！,杰西卡在市中心的二手商店买了一张桌子、六把椅子、一个花瓶和一堆衣服。这些一共花了70欧元。,"Jessica bought a table, six chairs, a vase and a pile of clothes and the second hand shop downtown. She paid 70 euros for everything. ","Jessica: I went to the second hand shop downtown 
Frank: Cool
Raphael: What did you get?
Jessica: Lots of stuff
Jessica: A table, six chairs, a vase, a pile of clothes
Frank: That's really a lot of stuff :-)
Raphael: send us pictures
Jessica: <photo_file>
Jessica: <photo_file>
Raphael: Beautiful table
Raphael: Is it wood?
Jessica: yes, oak 
Raphael: Awesome
Jessica: <photo_file>
Frank: These are the clothes?
Frank: I love the black dress
Jessica: It's absolutely beautiful
Jessica: As soon as I saw it I knew it would be mine
Jessica: I'm so happy with what I bought
Jessica: And the best is I paid only 70 euros for all of that!! "
30,aya-expanse:8b,Desiree 问 Lucian 两人是否在家，Lucian 表示刚收到消息，没有特别原因。Desiree 要求将面条放在微波炉里加热。Lucian 回答自己还没做饭。,卢西恩不在家。德西蕾希望卢西恩把她的意大利面放在微波炉里。,Lucian is not at home. Desiree wants Lucian to keep her pasta in the microwave.,"Desiree: U both at home?
Lucian: No. I've just got ur msg. Why did u ask about it?
Desiree: No reason. Keep my pasta in the microwave
Lucian: I haven't cooked anything"
31,aya-expanse:8b,艾米丽提议今天下班后一起喝点东西，凯特和玛塔都同意了。他们计划在中央车站的X酒吧约定时间5：30见面，但凯特可能要晚一点到达，因为交通状况。玛塔表示没问题，并祝大家再见。,艾米丽、凯特和玛塔今天要去中央车站的x酒吧喝一杯。,"Emily, Kate and Marta are going to the Pub X at the central station today for a drink.","Emily: fancy a drink after work today?
Kate: sure!
Marta: Good idea! 
Marta: Where? When?
Emily: Maybe in the Pub X at the central station at 5.30?
Kate: I may be closer to 6, traffic on my way
Marta: Fine for me.
Marta: See you then, Ladies!
Emily: Bye! see ya :*
Kate: :*"
32,aya-expanse:8b,"玛丽：嗨，我的朋友😘
爱丽丝：你今天不是去学校吗？
玛丽：不，我今天待在家里。
爱丽丝：幸运你！",今天玛丽没有去上学，她就待在家里。,"Today Mary didn't go to school, she stayed at home.","Mary: Hi my friend :*
Alice: U re not at school?
Mary: No i stayed at home today.
Alice: Lucky u!"
33,aya-expanse:8b,安妮询问克里斯汀是否会去学校。克里斯汀表示明天不会去，因为她感觉不舒服，可能得了流感。安妮关心她的体温和饮食情况，克里斯汀回答没有发烧，只是鼻塞、喉咙痛和疲劳。安妮建议她吃特拉弗（Theraflu），并表示会后来送一些给她。克里斯汀感谢安妮的帮助，但担心自己可能会传染给安妮，让安妮不要打电话。安妮开玩笑说自己可能已经感冒了，但如果克里斯汀醒着，可以随时打电话。,克莉丝汀病了，明天不来上学了。安妮会把西拉夫的香囊放在邮箱里。克莉丝汀不想把病传染给她。,Christine is sick and won't come to school tomorrow. Annie will leave Theraflu sachets in a mailbox. Christine doesn't want to get her sick.,"Annie: Are you going to be at school?
Christine: Not tomorrow. I am not well.
Annie: Oh noes! What happened?
Christine: Got the flu, I think.
Annie: what's your temperature?
Christine: Not high, I'm not running a fever or anything
Annie: Are you eating ok?
Christine: Yeah. Just blocked nose, sore throat. Tired.
Annie: Sounds like you've got a cold. You need anything?
Christine: I could do with some Theraflu.
Annie: OK, I think we've still got some sachets, should be in date. I'll drop them through your letterbox later on.
Christine: Yeah. Don't call in because I'll feel bad if you catch this cold off me.
Annie: I think I probably had it already, but you might be sleeping.
Christine: If the light in my room is on, call if you want."
34,aya-expanse:8b,沙隆达宣布她要结婚，并发送了一张通过消息应用程序的婚礼邀请。皮珀感到惊讶，因为他们多年没有联系，而现在沙隆达才发来邀请。皮珀认为沙隆达太贪婪，期望别人参加她的婚礼，却没有时间亲自送邀请。,沙尔多纳通过手机发送了婚礼邀请，因为她没有时间亲自去送邀请函。,"Shaldona sends mobile invitations to her wedding, as she has no time to give them in person.","Shaldona: WE ARE GONNA GET MARRIED ❤️❤️
Shaldona: <file_others>
Shaldona: This is our mobile inviation for our wedding.
Shaldona: Invitation*
Piper: Hey. You haven’t sent me any messages for a few years.
Piper: And now you are sending me your wedding invitation 
Piper: THROUGH MESSENGER?
Shaldona: .....
Shaldona: Well..
Shaldona: I had no enough time to meet everybody and give this in person.
Shaldona: Hope you understand.
Piper: If you don't have time to give the invitation card in person but expect people go to your wedding
Piper: Shaldona, if so, you are too greedy."
35,aya-expanse:8b,康拉德在房子外面，忘记带钥匙。雷贝卡和蒂芬尼有消息，蒂芬尼将于晚上10点到11点回家，而雷贝卡会更晚回来。康拉德决定在咖啡店等候。,康拉德忘了带钥匙，所以回不了家。瑞贝卡和蒂芙妮回来得晚，他得在咖啡厅等。,"Conrad can't enter the house because he forgot his keys. Since Rebecca and Tiffany are coming back late, he'll wait in the coffee shop. ","Conrad: I'm outside the house
Conrad: I forgot my keys...
Rebecca: 💩
Tiffany: I'll be home at 10-11
Rebecca: I'm coming back even later
Conrad: Oh no...
Conrad: I'll wait in the coffee shop"
36,aya-expanse:8b,"雅各波：嗨，你小时候有喜欢的恐龙吗？
柳米拉：有啊，三角龙。为什么？
雅各波：我后来告诉你原因。",卢德米拉小时候最喜欢的恐龙是三角龙。,Ludmila's favourite dinosaur when she was little was the Triceratops.,"Jacopo: hey, did you have a favorite dinosaur growing up?
Ludmila: yes, triceratops. why?
Jacopo: i'll tell you why later."
37,aya-expanse:8b,克莱尔分享了一件礼服（文件链接），玛丽亚和妮可都认为这件礼服非常适合新娘，价格也合理。克莱尔虽然觉得颜色有点暗，但最终被说服了，决定下单。,在玛丽亚和妮可的建议下，克莱尔正在订购她的婚纱。,"Claire is ordering her wedding dress, adviced by Maria and Nicole.","Claire: Check this out :)))
Claire: <file_other>
Maria: !!
Nicole: Absolutely perfect for you!!
Claire: I guess so
Claire: But it could be a bit darker, cause this color is not very vivid
Nicole: Noooooo, I think this color is perfectly good for the bride
Maria: And it's no that expensive :)))
Claire: Yes, the price appeals to me xD
Nicole: You should order that dress
Nicole: I think you won't regret
Maria: Don't hesitate, it's incredibly beauty!!
Claire: Ok, if you say so :))"
38,aya-expanse:8b,阿比（Abby）讲述了她昨天在派对上认识的米罗（Miro）的故事。米罗的父亲来自1990年代初的阿尔巴尼亚，他们非法离开了该国，逃离了极端贫困和动荡。米罗只会说阿尔巴尼亚语，并分享了他父亲通过不合法途径出国的经历，包括人们挤上任何可用的船只逃离该国的场景。,米罗和他的父母说阿尔巴尼亚语。他的家人在20世纪90年代非法出境离开了阿尔巴尼亚。,Miro speaks Albanian with his parents. His family left Albania illegally in 1990s.,"Abby: Have you talked to Miro?
Dylan: No, not really, I've never had an opportunity
Brandon: me neither, but he seems a nice guy
Brenda: you met him yesterday at the party?
Abby: yes, he's so interesting
Abby: told me the story of his father coming from Albania to the US in the early 1990s
Dylan: really, I had no idea he is Albanian
Abby: he is, he speaks only Albanian with his parents
Dylan: fascinating, where does he come from in Albania?
Abby: from the seacoast
Abby: Duress I believe, he told me they are not from Tirana
Dylan: what else did he tell you?
Abby: That they left kind of illegally
Abby: it was a big mess and extreme poverty everywhere
Abby: then suddenly the border was open and they just left 
Abby: people were boarding available ships, whatever, just to get out of there
Abby: he showed me some pictures, like <file_photo>
Dylan: insane
Abby: yes, and his father was among the people
Dylan: scary but interesting
Abby: very!"
39,aya-expanse:8b,丹问大家周六是否一起出去。蒂姆和克里斯都同意，但汤姆因要去女家参加派对而无法参加。克里斯和马丁也表示自己可能需要跟着放松。蒂姆调侃道大家像60岁的人。,丹、蒂姆、克里斯和马丁8点碰面。丹和马丁这次会放松一下。汤姆来不了，因为他岳父岳母家有个聚会。,"Dan,Tim, Chris and Martin will meet at 8. Dan and Martin will take it easy this time. Tom can't make it as he has a party at in-laws.","Dan: Guys, so are we going out on Sat?
Tim: I'm ready when you are
Chris: I'm OK too, in the centre right?
Tom: I'm out guys sorry. 
Dan: come on Tom, what's wring this time
Tom: told ya before. party at in-laws
Chris: always the same story right
Martin: right guys, so what time?
Tim: start @8? finish. 8 if we're lucky
Dan: yeah, i need to be home at 2 and ready to drive on Sunday noon
Chris: so you takin it easy this time
Martin: i guess i'd have to as well
Tim: guys you sound like 60 yos
Chris: Tim, are the last two standing or what?
Tim: i gather
Dan: you two will also grow up one day. "
40,aya-expanse:8b,迪玛的笔记本电脑坏了，明天需要交翻译，但 Nada 的旧笔记本电脑已经借给了她哥哥。 尽管如此，Nada 还是同意让迪玛使用她的笔记本电脑，因为她这两天都请假了。 迪玛表示非常感激，并承认他们应该为翻译工作准备备用笔记本电脑。 她想在一小时内来取笔记本电脑。,迪玛的笔记本电脑坏了，因为她的猫把咖啡洒在笔记本电脑上。 迪玛很担心，因为她明天必须为trados提供翻译。一个小时后迪玛会来纳达家，借纳达的笔记本电脑。,"Dima's laptop is broken, as her cat spilled coffee on the laptop. Dima is worried, because she has to deliver a translation for Trados tomorrow. Dima will come to Nada in an hour to borrow Nada's laptop. ","Dima: hello! 
Nada: hey girl, what's up?
Dima: I'm in a huge trouble, my laptop is broken and I have to deliver a translation tomorrow @9 😱😱
Nada: fuck what happened??
Dima: the stupid cat spilled coffee on it 😣😣 I'm freaking out!
Dima: you still have your old laptop? is it possible to lend it to me please?
Nada: no sorry, I've given it to my brother - but you're lucky! I've taken these two days off so you can take mine
Dima: ooh man! thank you sooo much!!! if it weren't for Trados, I wouldn't be panicking :( 
Nada: no worries, it happened... but I always think about this... like man, we need some back up laptops!
Dima: I know! but I always change my mind and spend the money elsewhere lol
Nada: yeah, but it's like our only tool! so we need to invest in it
Dima: yup, true !
Dima: can I come in an hour to pick it up?
Nada: yes :) ttyl!"
41,aya-expanse:8b,杰里（Jerry）给珍妮特（Janet）发了个甜蜜的问候。珍妮特回应说期待他的归来。杰里表示大约40分钟后到家，珍妮特说她会等他。杰里询问了珍妮特的日常，珍妮特抱怨了下老板的烦人之处。他们互道再见，表达了爱意。,杰瑞40分钟后到家。,Jerry will be home in 40 minutes. ,"Jerry: Hi sweetie :)
Janet: Hi sugar ;)
Jerry: I'm coming home
Janet: Can't wait ;)
Jerry: I should be there in 40 minutes
Janet: Ok, I'm waiting for you :)
Jerry: How was your day?
Janet: Oh, it was ok but my boss is a pain in the ass sometimes
Jerry: I know, she can be a bitch :P
Janet: Yes she can! ;)
Jerry: See you later darling
Janet: <3"
42,aya-expanse:8b,莎莉向大家传闻娜塔莉的消息。尽管简不愿意分享，但其他人都感到好奇。当他们知道了消息时，大家惊讶地发现孩子的父亲是戴夫，而不是他们猜测的迈克。,娜塔莉怀了戴夫的孩子。简认为萨莉不应该告诉别人，因为娜塔莉是私下告诉他们的。亨利埃特和格雷格很惊讶，孩子的父亲居然是戴夫而不是迈克。,Natalie is pregnant with Dave. Jane didn't think Sally should share it with others as Natalie told them that in confidence. Henriette and Greg are surprised that the father is Dave not Mike.,"Sally: Hi guys have you heard about Natalie?
Tom: No. What about her?
Jane: You're such a gossip girl, Sally!
Sally: Come on! I'm sure you're all curious.
Tom: I am. 
Sally: Relax Jane, what's your problem?!
Jane: She told us in confidence, I don't think we should share it with others.
Greg: Now I'm also curious
Henriette: Tell us! 
Henriette: Is she pregnant? 
Sally: 💣💣💣
Sally: Guess who's the father!!!
Henriette: I knew it!
Henriette: Is it Mike?
Sally: Dave!!! 
Henriette: WHAT????
Greg: That's insane! "
43,aya-expanse:8b,黛西问丽莎是否要回家，丽莎回答还不算。黛西请求丽莎在11点前回来。丽莎同意了。,丽莎还没回家，黛西想要她晚上11点前回来。,Lisa isn't going home yet. Daisy wants her to be back before 11 p.m.,"Daisy: going home?
Lisa: not yet
Daisy: please be back before 11 pm
Lisa: ok"
44,aya-expanse:8b,Cindy 发了个 GIF 和视频给 Ellie，表示自己很伤心，不想谈论原因。 Ellie 鼓励 Cindy 乐观起来，并指出那段视频在网上很火，很有趣。,辛迪很伤心，但不愿意说出原因。艾莉还没看那个疯传的搞笑视频。,"Cindy is sad, but doesn't want to talk about the reason. Ellie hasn't seen the funny video that went viral. ","Cindy: <file_gif>
Ellie: Why are you so sad? Something’s happened?
Cindy: I don’t want to talk about it…
Ellie: Cheer up! Tomorrow’s another day 😊
Cindy: <file_video>
Cindy: Have you seen it? It’s viral on the internet
Ellie: Nope, but it’s very funny 😊
Ellie: <file_gif>"
45,aya-expanse:8b,凯瑟琳邀请本去看望他们家族中的叔叔史蒂夫，但本表示自己不喜欢这种拜访，觉得会让他感到压力。凯瑟琳试图说服他，说孩子们想见他，但本认为他们可以等他有空时再见面，无需特地前往另一个城市。凯瑟琳提到史蒂夫会失望，但本坚持认为史蒂夫可能不会太在意，因为他们没有共同话题，而且史蒂夫总是问他的私生活问题让他感到烦恼。尽管如此，凯瑟琳还是鼓励本去看望孩子们。本同意了，表示会尽快找到时间去看他们。,本不会和凯瑟琳一起去看望史蒂夫叔叔。他会去看望凯瑟琳和孩子们。,Ben won't go with Catherine to visit uncle Steve. He will visit her and the boys. ,"Catherine: We're going to visit uncle Steve, want to come with us?
Ben: why would I?
Catherine: He's family and we haven't seen him in a long time.
Ben: you know very well that I'm not fond of such visits
Ben: they stress me out
Catherine: Come on, even you can do it from time to time.
Ben: maybe I can but I don't want to
Ben: it will end the same way as usual
Ben: with me being pissed at everyone
Catherine: The boys want to see you
Ben: I can visit you and play with them some other day
Ben: I don't have to drive to another city to do it
Catherine: You know that he'll be disappointed?
Ben: uncle Steve?
Catherine: Yes.
Ben: I don't think so, we don't have anything in common
Ben: all he ever does is bothering me with stupid questions about my private life
Catherine: Maybe that's his way of showing that he cares about you
Ben: yes... sure... sometimes I wonder if you're thinking about what you type :P
Catherine: Depends on the day
Catherine: Today I'm tired so I can't guarantee it
Ben: you should rest then
Ben: instead of asking me to do stuff I don't like
Catherine: Alright, don't worry, I'll stop
Catherine: But still the part about the boys missing you was true
Catherine: So come and visit them when you'll have the chance
Ben: I will"
46,aya-expanse:8b,史蒂夫告诉妈妈，洗碗机已经安装好了，并且做得很好。他发了一张照片给妈妈，显示洗碗机的样子。妈妈问它是12个餐盘的，史蒂夫说虽然他通常没有那么多客人，但这并不意味着每天都需要用到它，每隔一天就够了。妈妈很高兴史蒂夫对洗碗机满意。,史蒂夫很高兴他装了一台新的洗碗机。,Steve is happy that he got a new dishwasher installed.,"Steve: hiya the dishwasher has turned up
Mum: good did they install it for you
Steve: yes they did a good job
Steve: <file_photo>
Mum: looks really nice
Steve: yes it does its nice and quiet
Mum: is it a 12 place setting one?
Steve: I think so, not that I ever have 12 for dinner lol
Mum: not but you dont have to put it on every day
Steve: no every other
Mum: yes I'm glad you are pleased with it xx
Steve: I am thanks mum xxx"
47,aya-expanse:8b,亨利想预订科哈库咖啡馆的桌子，但找不到任何信息，连其Facebook页面也消失了。朱莉娅证实咖啡馆已经关门，可能是因为租金过高。亨利和朱莉娅都对这家位于 Covent Garden 附近的咖啡馆很失望，并讨论了其他替代选择。,茱莉亚上周去了考文特花园附近的kohaku咖啡馆，但现在这家店关门了，这让她和亨利大吃一惊。她联系了店主，但还没收到回复。亨利和他的表妹最后去了莉莉家，但那里的气氛不一样。,"Julia was at cafe Kohaku near Covent Garden last week, but it's closed down now to her and Henry's surprise. She contacted the owners, but they haven't replied yet. Henry and his cousin went to the Lily's in the end, but it had a different vibe.","Henry: Do you know what happened to cafe Kohaku?
Julia: The one near Covent Garden?
Henry: Yeah. I wanted to reserve a table, but I can't find them anywhere. Their Facebook page disappeared.
Julia: I'm afraid they're closed :(
Henry: For good?!
Julia: Afraid so. I've been there last week and wanted to take my cousin there, but the place's empty
Julia: Probably the rent was too high.
Henry: Oh no, I loved that place
Julia: Me too. I checked online for the owners and contacted them, but they haven't replied yet. I hope they will reopen somewhere else
Henry: Unless they do it far away, the location was perfect. It was a real gem in this touristy district
Julia: I know, I know... We went the Lilly's in the end, my cousin and I, but it's not the same
Henry: Eh, that's a pity then, I was so looking forward to their brownie
Henry: How was the Lilly's?
Julia: It's all right, it's a different vibe though. I think you should go to the Japan Centre for the same
Henry: Uhm, don't think so. It's always awfully crowded and there are more tourists than normal people like us"
48,aya-expanse:8b,汤姆问卡米拉是否去过都柏林，卡米拉表示从未去过爱尔兰。汤姆提议周末去都柏林，持续两天，因为天气预报很好。卡米拉赞同汤姆的疯狂想法，并表示支持。汤姆说他会买票。,卡米拉和汤姆这个周末要去都柏林。,Camilla and Tom will go to Dublin this weekend.,"Tom: Have you ever been to Dublin?
Camilla: Never in Ireland!
Tom: So let's go there this weekend!
Camilla: for 2 days?
Tom: Yes, the weather forecast is great!
Camilla: I love your crazy ideas!
Tom: ok, so I'm buying the tickets
Camilla: <3"
49,aya-expanse:8b,梅根问纳森是否收到杰森的消息，因为杰森今天缺课。纳森解释说杰森有牙医预约。梅根感谢他的信息。,杰森今天约了牙医，所以他没来。,Jason had a dental appointment today and that's why he was absent.,"Megan: Any word from Jason?
Nathan: Why do you ask?
Megan: He was absent today :c
Susy: He had a dental appointment.
Megan: Thanks for the info :)"
50,aya-expanse:8b,"艾利：到目前为止你做了多少？
吉尔：大概20到30个。
吉尔：我每天最多只能做3到4个。
艾利：每天几小时？
吉尔：可能40个小时，或者35个小时……
艾利：好吧，我也是这样。",到目前为止，吉尔做了20或30次，每天3-4次，35或40小时，所以和艾丽一样。,"Jill did 20 or 30 so far, 3-4 per day, 40 or 35 hours, so the same as Ally.","Ally: how many did you do so far?
Jill: like 20 or 30
Jill: I can't do more than 3-4 per day
Ally: how many hours?
Jill: 40? maybe 35...
Ally: ok, same here"
51,aya-expanse:8b,詹姆斯告诉米娅，他们的哲学讲师正在举办一场艺术展览，明天开幕。米娅对这个消息感到惊讶，但表示也想去看看。詹姆斯提议他们一起去，并邀请阿美利亚一起参加。米娅有些犹豫，因为她不了解阿美利亚，但詹姆斯安抚她，保证阿美利亚很随和。他们计划明天同时去展览和电影院，之后到詹姆斯家聚会。米娅表示同意，两人确认没有问题。,詹姆斯和米娅明天想去看艺术展。詹姆斯想让阿米莉亚和他们一起去，但米娅不确定阿米莉亚去不去。之后詹姆斯和米娅会去他家。,James and Mia want to go to an art exhibition tomorrow. James wants Amelia to go with them but Mia isn't sure about it. James and Mia will go to his place afterwards.,"James: Amelia said that one of our lecturers in philosophy had an art exhibition (!). It opens tomorrow! 
James: I'm talking about this guy who taught us ethics.
James: Amelia recommends it :D
Mia: No way...! :D Professor Evans and art exhibition :D What has happened to this world?
Mia: But you know what? I would actually like to see it! :D
James: ME TOO, of course! :p Can Amelia go with us?
Mia: To the exhibition or to the exhibition and to the cinema? You remember that we have plans for tomorrow...?
James: both
James: yes, I do
Mia: ok
James: Are you mad at me?
James: Babe, the fact that I suggested that we might go out with Amelia doesn't mean that I don't value time that we spend together, just the two of us.
Mia: I know, I said ok.
James: Are you sure you're fine with this?
Mia: Yup. :)
Mia: I just don't know her very well, it's gonna be stressful for me.
James: :) But you know me, don't you?
Mia: Maybe I do :D
James: Really, there's nothing to worry about. Amelia is quite laid-back and likable. ;)
James: Afterwards we can go to my place and hang out, cuddle and so on... :*
Mia: Sounds good :) :*
James: So we're good, right?
Mia: Right. ;)"
52,aya-expanse:8b,玛丽安娜询问斯蒂芬的研讨会下一次会议的阅读材料是否在打印店。丽塔和查英没有确切信息，亚瑟确认周一材料未到位且工作人员态度恶劣。丽塔将于第二天早上前往并告知大家材料是否准备就绪，她会请求加印更多。亚瑟和查英表示不介意。,彩英和亚瑟通知玛丽安娜，史蒂芬研讨会下一次要用的阅读资料周一在印刷店拿不到。丽塔决定明天去看看，如果情况有变，她会让所有人都知道的。,Chae-yeong and Arthur inform Mariana that the readings for the next session of Stephen's seminar weren't available in the print shop on Monday. Rita decides to go and chcek if the situation's changed tomorrow and she'll let everyone know.,"Mariana: Hi, just a quick question. Do you know if the readings for the next session of Stephen’s seminar are in the print shop?
Rita: No idea, sorry
Chae-yeong: The only thing I know is that they were not yet there on Monday
Arthur: Yer, I’ve made the mistake of going on Monday as well and I can confirm the texts were not there and the staff was as rude as always
Mariana: Sounds familiar
Rita: I’ll go tomorrow morning and let you know if the texts are available
Rita: I can’t buy the copies for you because they never have enough at hand but I’ll just ask them to print more for later
Chae-yeong: No worries
Arthur: Yeah, just let us know if they’re ready, that’s a huge favour already
Rita: Cool. Will do! xx"
53,aya-expanse:8b,有个人在校园被打和抢，正在医院恢复。攻击者戴着面具，警方将发布官方声明并发表报纸文章。大家猜测攻击者可能是学生，甚至可能只是为了好玩。尽管校园有监控摄像头，但安全卫士效率不高。希望犯罪分子能尽快被捕。,有人在校园里遭到殴打和抢劫，不得不住院治疗。袭击者戴着面具。官方声明会和新闻报道一起发出。杜鲁门和罗德尼都认为尽管周围有摄像头，但校园安保不达标。,"A person was beaten and mugged on campus and had to be hospitalised. The attacker wore a mask. An official statement will be released, along with a newspaper article. Truman and Rodney think the campus security is subpar, even though there are cameras around.","Rodney: Have you heard a guy got beaten and mugged on campus?
Truman: Oh, man is he ok?
Ross: Do they have any idea who did it?
Rodney: They're gonna give an official statement about. There's also gonna be an article in the paper. As far as I know the assailant had a mask on.
Truman: And what about the beaten guy?
Rodney: He's in the hospital, but it seems like he'll be fine.
Ross: You think it was a student?
Rodney: Who knows what those jocks are capable of.
Ross: They could do it just for fun.
Truman: On the other hand its easy to get on campus without being detected
Ross: There are cameras.
Truman: If your masked it don't matter. You know how those security guards are
Rodney: They don't give a fuck
Ross: True that
Truman: Hope they catch the guy soon"
54,aya-expanse:8b,Javier 问 Judie 是否知道当地有没有英语服务的老板纹身店。Judie 推荐了“Warsaw Ink”，并展示了他女朋友在那里纹身的照片。Javier 很喜欢，但考虑到价格是1000，决定还是回哥伦比亚纹身。,哈维尔最初很想在warsaw ink纹身，但价格太高了。他决定去哥伦比亚做纹身。,Javier was initially eager to have a tatoo done at Warsaw Ink but the price turned out to be too high. Javier decided to have a tatoo done in Colombia.,"Javier: Hey do you know any tattoo parlors over here with English speaking employees?
Judie: Oh there's Warsaw ink
Javier: the name sounds neat... have you had a tattoo done there?
Judie: nope but my gf has
Javier: got a pic?
Judie: <file_photo>
Javier: wow that looks amazing
Javier: how much did she pay?
Judie: it was a 1000
Javier: fuck
Javier: let me just get a tatttoo back in colombia then, thx"
55,aya-expanse:8b,Zoe 发了一张冷天鼓励的GIF给朋友们，并询问他们的健康状况。Thomas回复说他们在热带地区，晚上温度降至-3度，早上有白霜。他们周末在冰风中爬上了Belchen山顶，享受了阳光明媚和意外的晒黑。Zoe表示很漂亮，但希望暂时避开这样的天气。他们约定很快联系。,托马斯住的地方晚上的温度是零下3摄氏度。早晨有霜。佐伊在热带。托马斯星期天在贝尔钦峰附近散步。,The temperatures where Thomas stays are -3 at night. There is frost in the morning. Zoey is in the tropics. Thomas had a walk around Belchen's summit on Sunday.,"Zoey: Hello dear friends, here something to cheer you up on a cold day.
Zoey: <file_gif>
Thomas: LOL
Thomas: Hi there in the tropics! How are you doing?
Zoey: Staying healthy? Everything's ok?
Thomas: We are fine, thanks. Everything here is ok. At night the temps fall to -3. Nice white ground frost in the morning.
Thomas: <file_photo>
Zoey: Looks so pretty! But we're happy to give these views a miss for a while :)
Thomas: On Sunday we had a walk around the summit of Belchen - in icy wind but by brilliant sunshine. I think we even got some suntan!
Thomas: <file_photo>
Zoey: Gosh! That's pretty! You'll hear from us soon. Take care!
Thomas: You too!"
56,aya-expanse:8b,艾米丽问下一次ASEEES会议将在哪里举行。乔伊表示不知道，但这是一个好问题。詹姆斯听说过在加利福尼亚，具体是旧金山。乔伊希望会议能去夏威夷，但詹姆斯认为由于1993年最后一次在那里举行的会议因交通费用高而受到批评，未来可能不会太快实现。,詹姆斯通知说下一届aseees会议将在旧金山举行。克洛伊希望去夏威夷，詹姆斯认为不会去夏威夷举办会议，因为交通费用太高昂了。,James informs that the next ASEEES conference will be held in San Francisco. Chloe was hoping for Hawaii. James doesn't think there will be a conference in Hawaii soon due to the high cost of travel.,"Emily: Does anybody now where the next ASEEES conference takes place?
Chloe: Actually I have no idea, but a good question
James: I've heard somewhere in California
James: Yes, San Francisco!
Chloe: not bad, but I really hoped for Hawaii 
James: hahaha, oh yes, but it won't happen too soon
Chloe: why do you think so?
James: The last conference there in 1993 was criticised for the high costs of traveling to the place
Chloes: I see, pity"
57,aya-expanse:8b,罗布发起“离沙发挑战”，计划每天进行30分钟的运动。格雷格支持他，建议至少60分钟。威尔鼓励罗布保持现实，不要太苛刻。安娜也加入挑战，表示30分钟的运动是合理的。格雷格建议选择自己喜欢的运动，如步行、骑行或游泳等。安娜表示需要大家的支持。,罗伯想开始每天做30分钟的体育运动。格雷格已经做了60分钟。安娜想像罗伯一样开始锻炼。,Rob wants to start doing 30 minutes of physical activity every day. Greg is already doing 60 minutes. Anna wants to start exercising just like Rob. ,"Rob: I wanna start Get off the couch challenge! Who's with me? I'm gonna start with 30 min of activity every day.
Greg: way ahead of you mate! at least 60 min a day!
Rob: good for you! 30 min a day is gonna be challenging for me!
Greg: good luck then!
Will: don't be too hard on yourself. better to be realistic. fingers crossed!
Anna: i'm in! 30 min sounds reasonable! 
Greg: look for variety of exercises such as walking, biking, swimming whatever you enjoy!
Anna: i'm gonna need lots of support from you guys!"
58,aya-expanse:8b,布克尔提醒沃克带上Xbox游戏机。沃克认为布克尔不喜欢这款游戏机，但提到它的握持感很棒。布克尔笑着同意了。沃克决定也带一个。他们计划通宵玩游戏。,沃克和布克计划整晚玩游戏。沃克会把布克想要的xbox游戏机带来。,Walker and Booker plan to play games all night. Walker will bring his Xbox console at Booker's request.,"Booker: dont forget to carry your Xbox console
Walker: i thought you dont like the console
Walker: the grip is amazing
Booker: haha, yeah it is
Walker: okay then, ill come with one
Booker: gaming all night is the plan
Walker: yaas"
59,aya-expanse:8b,马里奥今天飞遍了欧洲所有机场，感到非常疲惫。他目前在卢森堡等待。埃迪鼓励他享受旅程。莫说这是因为马里奥喜欢飞行。天气良好，否则他可能不得不乘坐火车旅行。莫提醒马里奥注意安全。马里奥也向莫表示感谢。,马里奥正在卢森堡的机场候机。,Mario is waiting on the airport in Luxemburg now.,"Mario: I’ve landed in every airport in Europe today - completely whacked out dude.
Klara: Where are you now?
Mario: Waiting in Luxembourg now.
Eddie: Have fun dude.
Moe: Only because you love flying so much 😉
Mario: weather was good for flying everywhere 🙂 Otherwise it would have been trains everywhere 🙂
Moe: Mario  be safe bro
Mario: You too bro 🙂"
60,aya-expanse:8b,约翰问今天有没有练习，马特回答说应该有。约翰高兴地表示感谢并约定在练习时见，马特回复了“见”。,约翰不确定今天是否有训练，但马特说有。,John is not sure if there is practice today but Matt claims there is.,"John: do we have practice today?
Matt: yea think so
John: great thanks see ya there
Matt: see ya "
61,aya-expanse:8b,亚历克斯请马丁买牛奶，马丁刚买了两天前。亚历克斯说最近想喝牛奶。马丁表示因为要完成项目，两小时后会给她买。亚历克斯称他为英雄。,马丁完成计划后将给亚历克斯买两瓶牛奶。,Martin will get Alex two bottles of milk after he finishes the project.,"Alex: Hon, could you buy some milk?
Martin: You kiddin me, I just bought two yesterday
Alex: Well, I have nothing for my defense, I'm just craving milk lately:D
Martin: You're lucky that I love you, two milks coming up in couple of hours, I gotta finish the project
Alex: You are my hero!"
62,aya-expanse:8b,布莱尔和查克计划在下班后见婚礼策划师，地点在非娜丽塔餐厅。查克想点这里的海鲜意面，但他们也记得上次见黛安时那场令人难忘的番茄酱灾难，两人不禁发笑。,布莱尔和恰克下班后要去诺娜·丽塔餐厅见婚礼策划人。诺娜·丽塔餐厅供应的意大利面条非常好。,Blair and Chuck are going to meet the wedding planner after work at Nonna Rita's. The tagliatelle served at Nonna Rita's are very good.,"Blair: Remember we are seeing the wedding planner after work
Chuck: Sure, where are we meeting her?
Blair: At Nonna Rita's
Chuck: Can I order their seafood tagliatelle or are we just having coffee with her? I've been dreaming about it since we went there last month
Blair: Haha sure why not
Chuck: Well we both remmber the spaghetti pomodoro disaster from our last meeting with Diane
Blair: Omg hahaha it was all over her white blouse
Chuck: :D
Blair: :P"
63,aya-expanse:8b,"科尔：嘿，室友（笑）
路易斯：我们可是在同一间房间啊！
科尔：哈哈，有趣。
路易斯：唉，不要来要我的枕头了。
科尔：来，说说吧。
路易斯：不，我不会通过短信和你这种人说话——他正坐在我旁边几英寸远。
科尔：（笑）",科尔和路易斯坐在同一个房间里，却在发短信。,Cole and Luis are sitting in the same room and yet they're texting each other. ,"Cole: hey roomie XD XD
Luis: dude we are in the SAME DAMN ROOM
Cole: its funny XD
Luis: -_-
Cole: pass me my pillow xD
Luis: not until you say it to my face
Cole: dude cmon 
Luis: ...
Cole: oh youre not gonna talk to your roommate now
Luis: im not gonna text an idiot whos practically sitting just a few inches from me -_-
Cole: xD"
64,aya-expanse:8b,达米安告诉雅各布和梅森，切尔西队比赛中的希瓜因两度得分让他非常高兴。尽管对手是排名靠后的胡德尼特队，但这终于是一次积极的转变。雅各布认为这可能不是转折点，而梅森则表示胡德尼特队水平很低。达米安仍保持乐观，希望这能成为球队的转机。,切尔西今天下午赢了哈德斯菲尔德的一场比赛。伊瓜因两度得分。达米安很高兴，他希望这将是切尔西的转折点。,Chelsea won a game with Huddersfield this afternoon. Higuain scored twice. Damian's happy about it and he hopes it will be a turning point for Chelsea. ,"Damian: guys did u watch Chelsea game
Jacob: no
Mason: nah, i was busy all afternoon
Damian: Higuain scored twice! so happy for him
Damian: I know it was just Huddersfield, but finally something positive happened
Jacob: having a striker makes a difference
Damian: yup
Mason: but cmon huddersfield is abysmal
Damian: don't be like that, im happy for the team, maybe this will be a turning point
Jacob: no, I don't think so
Mason: ha good luck with that"
65,aya-expanse:8b,马伦恩即将去城镇，建议巴里为丽塔挑选礼物。巴里没有想法，马伦恩在凯瑟商店看到了丝绸围巾，并发了照片给巴里。巴里建议选择带有黄色图案的围巾，因为丽塔喜欢黄色。马伦恩表示那是五件中最贵的一件，价格为39欧。巴里觉得不贵，同意以50/50的价格购买。,玛伦半小时后就要去镇上了。她将给丽塔买一件礼物——凯泽的带黄色花纹的丝巾。它的售价为39，巴利和玛伦一人出一半钱。,"Marleen will be leaving in half an hour to go to town. She will get a present for Rita - silk kerchief with a yellow pattern from Kaiser's. It costs 39, and Barley will share the cost 50/50 with Marleen.","Marleen: Hello my dear, I'll be leaving in half an hour to go to town. If you have any idea for a present for Rita let me know.
Marleen: Text me here with your ideas for a present for her.
Barry: But I've got none! I leave the choice entirely to you.
Barry: I'm at home now.
Marleen: Am at Kaiser's. Lovely silk kerchiefs.  What do you think?
Barry: One can't have too many!
Marleen: But isn't it a bit too personal?
Barry: Not at all.
Marleen: <file_photo>
Marleen: Which?
Barry: The one with yellow pattern, definitely. She loves yellow.
Marleen: The most expensive of the five.
Barry: How much?
Marleen: 39
Barry: Oh come on. Not so bad.
Marleen: Shall we go 50/50?
Barry: OK"
66,aya-expanse:8b,昨天发生了点事，布鲁克让盖尔回来看看。盖尔问情况严重吗？布鲁克建议他回家。盖尔说马上就到。,布鲁克要盖尔过来看看昨天发生了什么。,Brook wants Gyle to come and see what happened yesterday. ,"Brook: something happened yesterday, you need to come and see
Gyle: is it bad?
Brook: you better come home
Gyle: On my way"
67,aya-expanse:8b,"米莱娜：演讲怎么样？
凯特：很好。
雷吉娜：是的，我们收到了积极的反馈。
米莱娜：你有多少人来听你的演讲？
雷吉娜：三个人，但我们知道会是一个温馨、友好的氛围。
米莱娜：有时候一个小但热情的观众比无聊的人群要好。
凯特：完全同意。",凯特、米丽娜和里贾娜的演讲进行得很顺利，三个人来听他们的演讲。,"Kate, Milena and Regina's presentation went well. Three people came to listen to them.","Milena: How was the presentation?
Kate: very good
Regina: yes, we had a good feedback
Milena: how many people came to listen to you?
Regina: 3 but we new it will be very cosy, friendly thing
Milena: sometimes a small but interested audience is better than random bored people
Kate: exactly"
68,aya-expanse:8b,杰克刚抽中了本年的首张“TOTW”卡。他计划在尝试过几场比赛后出售，因为该球员不适合他的阵容。汤姆表示今年运气不佳，没有抽到优秀球员。杰克安慰他说，作为游戏高手，他不需要帮助。,杰克今年拿到了第一个totw ，汤姆的团队并不出色。,Jake has got his first TOTW this year. Tom doesn't have a great team. ,"Jake: dude, I just pulled a TOTW
Jake: my first this year!
Tom: grats!
Tom: gonna sell it?
Jake: yeah
Jake: I'll try him in one or two matches
Jake: he's not a good fit for my squads
Tom: you'll have plenty of coins to buy someone that fits
Jake: that's the plan
Jake: I got lucky with this one
Tom: my pull luck sucks this year
Tom: not a single great player 
Jake: you're good at the game
Jake: you don't need help :P
Tom: I like shiny things :P"
69,aya-expanse:8b,"卡丝：亲爱的，你生日卡片和钱收到了吗？

乔丹：嗨，奶奶！谢谢20英镑。对不起，我没提前打电话给你。

卡丝：你还是喜欢托马斯小火车吧？我特意挑的。

乔丹：是的，奶奶。我永远爱他！下次，给我买一个足球主题的吧？我现在11岁了！

卡丝：我知道，你长得很快。爱你！

乔丹：爱你，奶奶！",凯斯送给外孙乔丹20英镑和一张生日卡，作为他11岁生日的礼物。,Cass sent her grandson Jordan £20 and a birthday card for his 11th birthday. ,"Cass: Hi darling, did you get your birthday card and money on time?
Jordan: hello Nanna! Thanks for the £20. Sorry I didn't ring you before.
Cass: you still like Thomas the Tank engine don't you? I picked it specially.
Jordan: Yes, Nanna. I will always love him! Next time, get me a football one or something. I mean, I'm 11 now!
Cass: I know, you are so grown up. Love you xxxxx
Jordan: Love you, Nan xx"
70,aya-expanse:8b,凯利想先回答问题。杰西卡分享了她在意大利巴勒莫的经历，提到那里有著名的卡普奇尼地下墓穴，里面有8000具尸体。她描述道，这些尸体被展示在像博物馆展品一样，大部分穿着衣服，只有头骨和手。米基和奥利对这个故事感到兴奋，决定记下来。,对杰西卡来说，最恐怖的地方是巴勒莫的僧帽猴地下墓穴。,The scariest place for Jessica was the Capuchin Catacombs in Palermo.,"Kelly: Oh! Oh! Can I pick the first question?
Jessica: Sure. Go for it!
Kelly: What's the scariest place you've been to!
Jessica: I'll start: Palermo in Italy.
Mickey: And what's so scary about that? Did you break your nail? :P
Jessica: Shut it, Mickey! No, there are the Capuchin Catacombs with 8000 corpses! 
Kelly: Ewwww! Corpses? Rly?
Jessica: Yeah! And you can look at them like museum exhibits. I think they're divided somehow, but have no clue how!
Ollie: That's so cool! Do you get to see the bones or are they covered up?
Jessica: Well, partly. Most of them were exhibited in their clothes. Basically only skulls and hands. 
Mickey: I'm writing this one down! That's so precious!
Ollie: Me too!"
71,aya-expanse:8b,"西蒙和查理讨论了欧盟的移民政策对欧洲各国安全的影响。他们分析了德国、比利时和巴黎在节日期间采取的安全措施，同时强调波兰作为最后一个未受到无控制移民和恐怖主义影响的国家的独特地位。

西蒙认为波兰有机会在经济上落后几十年，但也可以避免其他西方国家犯下的错误，快速发展。他赞扬波兰人民捍卫价值观和利益的意志，并预测未来波兰可能成为欧洲内部解决问题的主要力量。

查理则担忧波兰内部冲突的风险，但两人都希望波兰能度过难关，享受一个安宁的圣诞节。",西蒙和查理钦佩波兰的反移民政策和捍卫自身价值观和利益的方式。,Simon and Charlie admire Poland for its anti-immigration policy and the way it defends its values and interests. ,"Simon: <file_photo>
Simon: It's funny and scary at the same time.
Simon: BTW it's so annoying that people can't see that such immigration policy reduces safety level for citizens of EU significantly
Charlie: This photo is great. It totally shows what do we all mean when we criticize EU policy. 
Charlie: Berlin has put concrete blocks around Christmas fair, Belgium has soldiers running armed around cities and Paris has mass demonstrations and car arsons happening all over the city.
Charlie: Poland though...
Charlie: One of the last countries unspoilt by uncontrolled migration and terrorism
Charlie: The question is - for how long...
Simon: I always say that there is advantage of the polish situation
Simon: I mean being economically delayed for few decades
Simon: Poland has a chance to develop in fast pace and at the same time has a position to avoid all the mistakes other western powers made.
Simon: The worst thing is that the country is being ostracized by defending it's values and interests. 
Charlie: Yup. And as long as there are people in Poland ready to defend that values, the country will be marginalized by every other nation.
Simon: I admire Poles.
Simon: I admire them for they will to fight.
Simon: They never give up.
Charlie: Different countries tried to eliminate them from the map.
Simon: I tell you, there will be time, when only Poland will have power to fight with internal problems of Europe.
Charlie: Maybe. But there is a risk that internal conflict will rip the country apart.
Simon: Let's hope not.
Charlie: Yup. To conclude: Christmas in Poland will be the best Christmas in Europe :D
Simon: I agree :)"
72,aya-expanse:8b,Ed 认为性行为仅限已婚夫妇，并严厉批评其他人的观点。Valerie 和 Chris 反驳说，即使是传统任务式性行为也并非绝对正确。Lor 幽默地表示，如果不遵守这些规则，在来世可能会感到内疚。Atnee 和 Jessica 支持 Ed 的观点，认为性行为的唯一目的是生育。Matt 开玩笑地威胁要把Ed送入地狱。Ed 坚定地维护自己的立场，拒绝看其他男性。,艾德、瓦莱丽、里斯、罗、艾妮、杰西卡、马特都在嘲笑没有婚姻的性爱的罪恶。,"Ed, Valerie, Chris, Lor, Atnee, Jessica, Matt are laughing at the sinfulness of the sex without marriage.","Ed: Sinners!! Sex is for married people
Valerie:  double sin if it’s anything but missionary style!
Chris: Then you go get married & leave us all alone
Lor: You better hope all non sin living is worth it or your consciousness after death is going to be butt hurt for eternity lol
Atnee: Ed, take it easy
Jessica: And the only purpose for sex is to make babies! !! That's it, hahaha 😂
Atnee: Lol
Ed: Valerie , triple sin if you enjoy it!
Jessica: And only for procreation. :-))) And not to be enjoyed. :-)))
Matt: Ed, Ok. See you in hell !! 😂
Ed: Matt , No you won’t. I don’t even look on the direction of another man"
73,aya-expanse:8b,"杰克：天啊！你在伦敦？！
迈克：（附照片）
迈克：是的，兄弟！梦想成真了！
杰克：酷！恭喜你！",迈克在伦敦。,Mike is in London.,"Jake: Maaaan! you in london?!
Mike: <file_photo>
Mike: yeah mate! dreams coming true!
Jake: cool! congrats!"
74,aya-expanse:8b,里奇和克莱讨论了波格巴的出色表现。里奇称赞波格巴的进球，并指出他在赛季中变得更加成熟。克莱同意，并认为波格巴值得在上半场后得到进球奖励。他们都对波格巴的表现感到高兴。,里奇和克莱看了一场非常精彩的足球比赛，一个足球运动员把球铲回自己的脚边，特别刺激。何塞信任那个球员。,"Richie and Clay saw a very good football game, with one football player chopping the ball back to his foot, which was particularly exciting. Jose has trust in that player. ","Richie: Pogba
Clay: Pogboom
Richie: what a s strike yoh!
Clay: was off the seat the moment he chopped the ball back to his right foot
Richie: me too dude
Clay: hope his form lasts
Richie: This season he's more mature
Clay: Yeah, Jose has his trust in him
Richie: everyone does
Clay: yeah, he really deserved to score after his first 60 minutes
Richie: reward
Clay: yeah man
Richie: cool then 
Clay: cool"
75,aya-expanse:8b,亚历克问艾丽莎是否看过最近的《美国达人秀》。艾丽莎没有看。亚历克发送了一个视频链接，但最初无法打开。经过一会儿，链接成功了。亚历克建议艾丽莎观看，并表示她会喜欢的。艾丽莎同意，并称赞那个女孩很棒。她表示希望自己年轻时有那女孩一半的技能。亚历克也认为那个女孩表现出色，甚至可能赢得该届比赛。艾丽莎问亚历克是否看过所有参赛者，亚历克回答是的，并表示他个人觉得那个女孩是最好的。艾丽莎希望她能获胜。,亚历克看到美国的达人秀，他发了个链接给亚莉克莎。,Alec saw America's got talent. He sent a link to Alexa.,"Alec: Have you seen the last America's got talent?
Alexa: No. 
Alexa: Interesting? 
Alec: <file_other>
Alexa: The link doesn't work. 
Alec: Give me a sec.
Alec: <file _other>
Alexa: Now it's working!
Alec: good, watch it, u'll like it
Alexa: you're right, I like it :)
Alexa: The girl is amazing!
Alec: :)
Alexa: I wish I have had half her skills when I was her age! 
Alec: She's very good, that's true. 
Alec: I even thik she might win the edition.
Alexa: Did you see all candidates?
Alec: yes
Alec: And there're a few good, but I personally think she's the best!
Alexa: I'd be glad if she wins :)"
76,aya-expanse:8b,"汉娜：你在看比赛吗？
詹姆斯：不，我要去工作。
汉娜：哦，好的。",詹姆斯要去上班，所以他不看比赛。,James is heading to work so he's not watching the game.,"Hannah: Are you watching the game?
James: No I am head to work : ( 
Hannah: Oh okay"
77,aya-expanse:8b,"多尔夫：明天记得带护照。
齐格勒：好的，我会记住的。",在多尔夫的提醒下，齐格勒明天会把护照带来。,Ziggler will bring the passport tomorrow as reminded by Dolph.,"Dolph: hey
Dolph: remember to bring your passport tomorrow
Ziggler: Cool, i will"
78,aya-expanse:8b,威廉正在做意大利面，请奥利维亚买一些新鲜番茄。贝丝会买点巧克力作为晚餐后甜点。,威廉在做意大利面，奥莉维亚会给威廉买新鲜的西红柿，贝丝会买巧克力。,William is making spaghetti. Olivia will buy fresh tomatoes for William. Beth will buy chocolate.,"William: hey im making spaghetti
William: could you please buy some fresh tomatoes
William: pretty please :)
Olivia: no problem dear :)
William: and Beth? it wouldn't hurt to have some chocolate for after the dinner :D
Beth: I'm on it :D"
79,aya-expanse:8b,蒂娜（Tina）抱怨Facebook不断推荐帕特里克（Patrick），德米（Demi）笑了。蒂娜表示她需要学习如何从仇视男性到与他们建立关系，并提到在经历重大心碎后，德米成功地改变了自己。她们讨论了关于喜欢不同类型男性的观点，并计划组织相关工作坊。蒂娜表示她只喜欢一种类型，但德米建议她放松一点，探索其他可能性。蒂娜表达了希望独立于他人情绪的需求，德米表示理解。她们约定见面，并开玩笑说如果蒂娜无家可归，德米会收留她。,蒂娜必须学习黛米的方法，即如何从讨厌男人转变成和他们约会。,Tina has to learn Demi's approach how to transfer from hating men to dating them.,"Tina: Hey, Facebook is constantly non stop suggesting Patrick
Demi: Hahahahaha 
Tina: I think I have to catch a bit of your approach
Demi: He's a god. What do you mean...?
Tina: I have to learn how to transfer from hating men to fucking them haha
Demi: (Y)
Tina: as soon as possible
Demi: Haha! Yeah. I did it, you're right. But i worked on it hard after a huge heartbreak
Tina: <file_gif>
Demi: (Y) currently i like men. you have to be chilled with them ;)
Tina: <file_gif>
Demi: :D maybe its a mistake... i dont know. Lets organize workshops on that :D
Tina: I only like one type :D yes plz do it haha
Demi: Done! but maybe you should chill a bit, look around for ather types ...and see what happens
Tina: I only dont what my mood depend so much on other people
Demi: I know! I know it well!
Tina: this renting case is eating me
Demi: you have to isolate one bit inside that will be always independent
Tina: we have to meet, crazy girl!
Demi: for sure. if youre homeless i will take under my roof
Tina: between the guyshaha
Demi: we ll find something
Tina: <3"
80,aya-expanse:8b,艾莉森问埃文是否和伊桑讨论了功能问题。埃文回答已经这样做了，并说伊桑可能不会来。艾莉森要求埃文想办法让伊桑来，埃文表示会尽力。,埃文会让伊森来的。,Evan will try to make Ethan come.,"Allison: You talked to Ethan about the function? 
Evan: Yeah I did
Allison: What did he say?
Evan: He might not come
Allison: Can you do something about that?
Evan: I will try to make him come
Allison: K"
81,aya-expanse:8b,巴特已经收到了自己的成绩单，发现整个学期都表现不佳。他因为经济学的最终考试失败而感到沮丧。阿德里安建议他下学期再考，并分享了自己的学习方法——上课认真听讲，不需要花太多时间复习。巴特承认自己因为玩《星际争霸》而分心，承诺不再在学校期间玩游戏，但表示会适量娱乐。,巴特这学期成绩不好，因为他学习不多。他花很多时间玩星际争霸。阿德里安考得好是因为上课专心听讲。,Bart didn't do well this semester because he didn't study much. He played a lot fo StarCraft. Adrian did well thanks to paying attention in class,"Adrian: Did you get your grades yet?
Bart: Yeah. My whole semester is screwed up now.
Adrian: Wait whaaat? Why?
Bart: Well, I bombed my economy final and ended up with a bad score..
Adrian: Ouch. That must hurt :/ 
Bart: Well, it's my fault because I didn't study as much as I should have.
Adrian: Why don't you re-take the class next year?
Bart: That's what I plan on doing unless I keep screwing up. How did you do this semester?
Adrian: I didn't do that bad. I ended up with a reasonable grade.
Bart: Well someone did his homework :p
Adrian: I just pay attention during class, I don't study that much actually.
Bart: Classes are boring, can't pay attention for too long...
Adrian: Anyway, why didn't you study for the economy final? 
Bart: Let's just say I screwed up more than my econ class.
Adrian: What happened?
Bart: I started playing StarCraft and ended up wasting a lot of time.
Adrian: Oooohh I know that game but you better stop slacking off.
Bart: You're right. I'm not going to play games during school anymore.
Adrian: You can play them, just don't loose focus and study for the exams :p
Bart: Let's see how it goes xD"
82,aya-expanse:8b,肖恩经过深思熟虑后决定自己的精神动物是乌龟。他最近才知道每个人都有一个，感觉很迷失，不知道自己到底是谁。经过多日思考，他终于确定自己是乌龟。蒂芙尼认为他可能只是被困扰了，建议他可能不是乌龟，而是黄蜂。,肖恩相信他的灵兽是乌龟，而蒂芙尼可能是黄蜂。,Sean believes his spirit animal is a tortoise and Tiffany's could be a wasp. ,"Sean: After much thought I’ve decided that my spirit animal is a tortoise. Apparently everyone has one now, I only found out about this recently. Tbh I felt lost, like who even am I? After many days of thinking about I finally decided that I am in fact a tortoise.
Tiffany: That would explain a lot.
Sean: You would be a wasp.
Tiffany: Are you sure you're a turtle? Maybe you're just haunted."
83,aya-expanse:8b,凯特在超市，乔治问她是否为明天学校买些水果。乔治想要一个苹果，凯特也打算买一个。乔治还询问橙子是否有货，凯特回答下周才到货。,凯特正在给她和乔治买苹果。他们得等到下周才能买到橘子。,Kate is buying apples for herself and George. They have to wait for tangerines until next week.,"Kate: I'm at the grocery store. Do you like some fruits for school tomorrow?
George: Oh yes please, an apple would be great
Kate: Okay, I'm getting me one too
George: Do they have tangerines yet?
Kate: No the're coming next week, I asked already:D
George: Okat then we have to wait"
84,aya-expanse:8b,罗纳德问朱莉周末过得怎么样，朱莉回答还好但家里有些不和谐，父母在争论吃什么。朱莉表示不再想和他们一起吃饭。罗纳德表示同情并邀请朱莉周末后打电话给他，说有事情要告诉她，可能会让她开心起来。朱莉调侃地回应说她看到了“彩虹斑马”。,茱莉亚回来后会给罗纳德打电话，他有事要告诉她。,Julia will call Ronald when she gets back. He has something to tell her.,"Ronald: How's your weekend?
Julia: Fine I guess...
Ronald: Doesn't sound like you're enjoying it
Julia: Ehh. My parents are having a fight over where should we eat
Julia: And honestly I don't event want to eat with them anymore
Ronald: I'm sorry
Julia: Yup. Me too.
Ronald: Call me when you get back.
Ronald: I've got something to tell you, and I'm sure you're gonna piss rainbows
Julia: Hahaha. I can see the giraffe from Skittles comercial :D
Ronald: Sth like that"
85,aya-expanse:8b,马修感冒了，需要大家支持。丽莎建议他喝橙汁，做点汤，并鼓励他坚持下去。马修表示会尝试。他透露可能是过敏加上病毒导致的。丽莎表示很抱歉，建议他休息，好好睡觉。马修同意，并祝晚安。,马修感冒了，他要喝些橙汁，然后去睡觉。,Matthew has a cold. He will drink some orange juice and go to sleep.,"Matthew: I have a cold. Need y'all support. It's painful
Lisa: Fight it. Drink orange juice. Make some soup
Matthew: I'll try
Lisa: I believe in u 
Matthew: Thank u. Apparently it's an allergy mixed up with virus
Lisa: Ahh it sucks. 
Lisa: Take a rest from evrthg.  
Matthew: Ikr. Hitting the hay now
Lisa: Good night 'Thew! "
86,aya-expanse:8b,斯蒂芬诺和乔西讨论了福柯的摆（Foucault's Pendulum）。乔西觉得这本书很奇怪，而且怀疑作者是不是意大利人。斯蒂芬诺解释说，乌菲克·埃科（Umberto Eco）是个“书呆子”，而不是所有意大利书籍都关于披萨、黑手党和曼多林。乔西表示她想尝试读原版意大利文小说，但担心自己的意大利语水平不足。斯蒂芬诺提到《玫瑰的名字》（The Name of the Rose）对非母语者来说非常困难。他解释说，《福柯的摆》设定在80年代，语言更容易理解，但内容同样复杂。乔西分享了她读过的萨曼·鲁什迪（Salman Rushdie）对《福柯的摆》的负面评论，称它不像小说，而像电脑游戏。斯蒂芬诺开玩笑说这很荒谬。两人最后开玩笑调侃对方。,乔茜觉得艾柯的小说《福柯的钟摆》书呆子气。乔茜很想读意大利的艾柯，但她对自己的语言能力没有把握。斯特凡诺认为艾柯的两部小说很难。乔茜读过萨勒曼拉什迪对《福柯的钟摆》的一个负面评论。,"Josie finds Eco's novel ""Foucault's Pendulum"" nerdy. Josie would like to read Eco in Italian, but she's unsure of her language abilities. Stefano considers Eco's two novels and finds them difficult. Josie has read an unfavorable review of ""Foucault's Pendulum"" by Salman Rushdie.","Stefano: Hi, Josie!
Josie: Ciao, Stefano!
Stefano: So, what about Foucault's Pendulum? Do you like it?
Josie: It's... weird. Was it really written by an Italian guy? It's so... nerdy.
Stefano: Oh well, in a sense Eco was the king of nerds. And, you know, not all Italian books are about pizza, mafia and mandolino. :P
Josie: Yes, I know... I should try and read one of his novels in the original, but I'm not sure my level of Italian is adequate.
Stefano: The Name of the Rose is really difficult for a foreign speaker of Italian, you know.
Josie: And what about Foucault's Pendulum?
Stefano: Well, it's set in the 1980s, so the language is definitely more comprehensible. The content, however, is just as complicated as in the other novel.
Josie: Btw, I read Salman Rushdie's review of Pendulum, published in the 80s.
Stefano: Really? What did he say?
Josie: He hated it and said that it's not a novel, but rather a computer game.
Stefano: What? Rotfl!
Josie: That's what Salman said...
Stefano: Oh well, de gustipus non est disputandum...
Josie: De gustiBus!
Stefano: I know, it was a typo!
Josie: Disgusting pus!
Stefano: Hahaha.
Josie: Yuk! That's so creepy.
Stefano: You're the one who said it!
Josie: I know. ;)"
87,aya-expanse:8b,下雨了！Val建议出门会湿，Candy认为先等一会儿看看是否停雨。Val同意等待半小时再决定，并约定在那时通过电话商量。,下雨了，所以瓦尔和坎迪要等半小时才走。,"It's raining, so Val and Candy will wait half an hour before they go.","Val: it's raining!
Candy: I know, just started...
Val: r we going? we will be wet
Candy: maybe wait a little? see if stops
Val: ok. let's wait half h and than see
Candy: god idea, I call u then
Val: great :)"
88,aya-expanse:8b,托马斯和杰里米都还没有收到资助。托马斯因为资金短缺而焦急地每小时检查一次银行账户。西拉安慰他，表示如果需要可以借给他一些钱，并建议他保持耐心。,托马斯、谢拉和杰里米仍然没有收到赠款。托马斯破产了，每小时都要查看他的银行账户。塞拉提出借钱给他。,"Tomas, Sierra and Jeremy have still not received the grant. Tomas is broke and is checking his bank account every hour. Sierra offers to lend him some money.","Tomas: Has anybody received the grant yet?
Sierra: no, not yet
Jeremy: I haven't checked even
Tomas: I'm completely broke
Tomas: checking my bank account every hour
Tomas: but nothing's happening there
Sierra: lol
Sierra: be patient. If you need money I can lend you some, don't worry
Tomas: Thanks, I hope they'll arrive any minute"
89,aya-expanse:8b,查尔斯和卡米拉讨论了周末计划。查尔斯计划去伯明翰和曼彻斯特的德国市场，品尝香肠和啤酒。卡米拉表示会尝试去，因为她很久没有去过。他们还聊到了热红酒（多加香料的红葡萄酒），查尔斯推荐一定要试试。他们都开玩笑说自己会喝得头痛。最后，他们互相祝愿周末愉快。,卡米拉周六有一些差事要办。查尔斯本周末将访问德国市场。他们正在谈论圣诞食品和饮料。,Camilla has some errands to do on Saturday. Charles is visiting the German markets this weekend. They are talking about Christmas food and drinks.,"Charles: What are you up to this weekend?
Camilla: Not much. Just some work and errands on Saturday, show Saturday night. Day of nothingness on Sundy.
Charles: Sounds good. We are going to visit the German markets this weekend. Birmingham and Manchester both. Sausage overload!
Camilla: Ooh, that sounds really good!
Charles: Allegedly there are Christmas things going on but I just go for the sausage and beer!
Camilla: What a shocker.
Charles: I know!
Camilla: I'll have to try to get there this year. I've not been for ages.
Charles: Oh, yeah, they are good. Try the mulled wine too. That's nice.
Camilla: Never had it. Is it served hot?
Charles: Yes, exactly. And lots of spices. Usually a red but sometimes they offer a mulled white.
Camilla: I'm good with red.
Charles: Inspired us to make our own at Christmas last year, but nobody else drank it.
Camilla: Bummer!
Charles: More for me! But oh the hangover.
Camilla: LOL!
Charles: Anyway, that's the plan. Hope you have fun.
Camilla: You too! 
Charles: Thanks!"
90,aya-expanse:8b,Russell 发送了一张文件，并说：“看看这个，这是给妈妈的完美礼物：D” Diana 笑着点头，表示价格很合理。然后她问：“我们买它吗？” Russell 兴奋地回答：“当然！”,戴安娜和拉塞尔在给妈妈买礼物。,Diana and Russel are buying a present for mum.,"Russel: <file_other>
Russel: look at this
Russel: It's a perfect present fo mum :D
Diana: haha, so true! It's not that expensive either!
Diana: are we buying it?
Russel: yeah, let's do it :D"
91,aya-expanse:8b,"简：你现在有空吗？能帮我看看那篇论文吗？

安斯利：抱歉，我生病了，不太能帮上忙。我感冒了，每两秒就打一个喷嚏。

简：哦...好吧，希望你很快好起来...",安斯利病了，所以她现在不能帮简写论文。,"Ainsley is sick, so she's not able to help Jane with her thesis now.","Jane: Are u free now? Could u help me with that thesis?
Ainsley: I'm sick won't be of much help sorry. I've got a cold and I'm sneezing like a little bitch every 2 seconds
Jane: Oh... hmm ok. Hope u will get better soon..."
92,aya-expanse:8b,菲奥娜无法忍受与康拉德（她的学生）在一起的感觉，即使他只有她五岁。万达认为这种情况太过分，并指出菲奥娜对他的感情已经超出界限。菲奥娜承认自己无法控制这种情感，担心如果被上司发现会造成麻烦。万达鼓励她勇敢面对并采取行动。,菲奥娜爱上了他的学生康拉德。,"Fiona fell in love with his student, Conrad.","Fiona: I just can’t stand it
Wanda: What again
Fiona: When I’m in one room with him… I just go crazy
Wanda: Conrad?
Fiona: Yesss, he’s absolutely lovely!!
Wanda: IT IS YOUR STUDENT
Fiona: So what? I mean sure, I know it’s… inappropriate xd but still, he’s only 5 years younger than me
Wanda: It’s so fucked up, I knew you are crazy before but it’s too much
Fiona: I knoooow when I come back home after the class I can’t do anything for like an hour or two, I just listen to the music
Wanda: You’re literally in love with him
Fiona: I mean I don’t expect anything, we’re from different worlds but… Yes, I just want to be around him. All the time xd
Wanda: So you need to do something about it
Fiona: Are you crazy, I can’t!!
Wanda: Why not
Fiona: What would my boss say if she knew
Wanda: Will she know?
Fiona: How can I know what will he do, he can tell his mother as well
Wanda: Just go for it!!"
93,aya-expanse:8b,玛格丽特提议在12月4日和11日10点或11点见面，埃文斯确认了这两个时间。玛格丽特还提到了18日，但埃文斯不确定是否能到。他们同意如果18日不可行，可以改到17日，但埃文斯可能也无法参加。最终决定在12月4日10点见面，并约定下周再讨论其他时间。,玛格丽特和埃文斯计划在4日10点和11日11点会面。他们两人都不确定下一次见面的时间，所以他们会在晚些时候定一下约会的日期。,"Margaret and Evans plan to meet at 10 on 4th and at 11 on 11th. They both are not sure when they will be able to meet next, so they will come up with a date later.","Margaret: Hi, in December I'd like to meet on 4th and 11th around 10:00 or 11:00. 
Evans: Hi, 4th - we can meet at 10:00.
Evans: And 11th - at 11:00. 
Margaret: Okey. And what about 18th?
Evans: I'm not sure about 18th. 
Evans: I might not be in town. 
Margaret: Okey, so we'll see. 
Evans: Yes. And I'll let you know next week. 
Margaret: If it's not 18th, maybe we could meet on 17th?
Evans: If I go away, I won't also be 17th.
Margaret: Okey, I get it. 
Evans: But we could meet 14th, if you like?
Margaret: Hm, I'm not sure whether I'm avaliable. 
Evans: So let's set these dates later, ok?
Margaret: Okey and we see each other 4th 10:00. 
Evans: Yes!"
94,aya-expanse:8b,路易斯和阿奇在讨论一个GIF，看起来像梅兰妮。阿奇认为她以前留着卷发更漂亮，而路易斯则坚称直发更美。他们开玩笑地争论着，但都尊重对方的观点。,通过看照片，阿尔奇认为梅兰妮卷发更好看，路易斯不同意。,"By looking at the photos, Archie thinks that Melanie looked nicer with curly hair. Louis disagrees.","Louis: <file_gif>
Archie: Wtf? Lol!
Louis: <file_gif>
Archie: That one looks like Melanie
Louis: True! Hahahahah
Archie: Just like in this pic
Archie: <file_photo>
Louis: Lol! It's her!
Archie: By the way, she was way hotter when she had cury hair
Louis: I disagree, sir! She looks absolutely gorgeous with straight hair
Archie: Oh well, you have the right to an opinion even if it's wrong XD"
95,aya-expanse:8b,林达错过了火车，约瑟夫询问下一次出发时间，得知一个小时后有下一班。达西安慰她这不是大灾难。林达表示票价高达80欧元，需要返回阿姆斯特丹，并表达了惊讶之情。,琳达没赶上火车，下一班一小时后就到了。返回阿姆斯特丹的费用是80欧元。,Linda missed her train and the next one is in one hour. A return to Amsterdam was 80 euros.,"Linda: I missed the train
Joseph: When is the next one?
Linda: In one hour
Darcy: Not a tragedy
Linda: It was 80 euros
Linda: Return to Amsterdam
Linda: I was shocked!! "
96,aya-expanse:8b,他们正在通过邮件通知关于Lewandowska的情况。她因患上麻疹而住院。与她在过去几天内有过接触的人需要接种疫苗。乔安娜是她的论文导师，但幸运的是她没有在最近学期与她有过面对面的交流。学校将在17日至19日在主楼组织疫苗接种活动。乔安娜计划在18日工作前尽量完成接种。,莱万多夫斯卡得了麻疹。从17号到19号，所有和她接触过的人都在主楼接种疫苗。,Lewandowska has measles. There are vaccinations in the main building from 17th until 19th for everyone who had contact with her. ,"Joanna: They are sending emails about Lewandowska.
Merve: What happened?
Joanna: <file_photo> 
Merve: Wooow!
Joanna: She is hospitalized because she has measles.
Merve: She had what?
Joanna: Anyone who had contact with her within the last couple of days must get vaccinated.
Merve: Luckily I didn't see her since the last semester...
Joanna: I did, she is my thesis mentor :(
Merve: What will you do?
Joanna: They are organizing vaccinations in the main building from 17th until 19th.
Merve: You have to go!
Joanna: I know... And I just started working so I really don't have a lot of time.
Merve: Come on, this is really important.
Joanna: I will try to do it before work on 18th, hopefully I won't lose the entire day..."
97,aya-expanse:8b,"卡尔：你在哪里？
卡尔：我还在等你！
梅格：我还需要五分钟，我把钥匙丢了。",卡尔在等梅格，她找不到钥匙，要迟到了。,Carl is waiting for Meg who's running late as she can't find her key. ,"Carl: Where are u?
Carl: I'm still waiting for u!!!
Meg: I need 5 minutes more, I've lost my key somewhere :("
98,aya-expanse:8b,玛丽亚表示对工作感到厌倦，无法再忍受。安娜斯塔西亚理解她的感受，但建议她冷静下来。费利克斯也劝她不要冲动做出决定。玛丽亚感到伤心。,玛丽亚厌倦了她的工作。,Maria is tired of her job. ,"Maria: I'm tired of this job, I can't stand it anymore
Anastasia: I know, but calm down
Felix: don't make decisions in this rash
Maria: :("
99,aya-expanse:8b,卢克今天冲浪经历了糟糕的一天：零波浪、三次被拍打，还有一次被板子击中头。尽管如此，他仍期待下一次冲浪。肯和夏尔也分享了自己类似的冲浪经历。卢克明天下午两点二十二分将再次尝试，并提到低潮时能更好地看到岩石。埃里克则认为中潮通常更理想，因为看到岩石可能很危险。,卢克明天下午2点22分要去冲浪。,Luke will go surfing at 2:22 pm tomorrow.,"Luke: wow I got my ass kicked surfing today. 0 waves, 3 wipeouts and 1 surfboard to the head! (can't wait to go back though :D)
Ken: Yaaaay welcome to the tumble dry club - some days is great others just a knock about
Summer: I almost lost my tooth one time ;) Hopefully next time is better!
Luke: low tide is 2:22PM tomorrow. I'll be out there
Eric: I thought mid tide is generally the best ?
Luke: Oh yeah? Yesterday was low tide. I thought that's best cuz you can see the rocks
Eric: Seeing rocks is a bad thing. I mean, you want to be aware of where they are for sure. But rocks in your vision = no bueno
Luke: well I'd rather seem than** run into them. When the tide is out you're not surfing over the rocks"
